,Unnamed: 0,SITE_ID,LULC,LATITUDE,LONGITUDE,ELEVATION,START_DATE,END_DATE,water_mean,trees_mean,grass_mean,flooded_vegetation_mean,crops_mean,shrub_and_scrub_mean,built_mean,bare_mean,snow_and_ice_mean,label_mean,EXTENDED_END_DATE,quarter,label_rounded,year,quarter_val
25,72,US-Bi1,CRO,38.0992,-121.4993,-2.7,2015-12-01,2016-3-1,0.05878240882,0.03627268838,0.1287553133,0.03473645764,0.5711332932,0.05909418707,0.03578886489,0.04169079269,0.03370678805,4.0,,2016Q1,4.0,2015,1
203,148,US-ICh,OSH,68.6068,-149.2958,940.0,2015-12-01,2016-3-1,0.04191362257,0.07203491363,0.1449033173,0.0345168558,0.03103941702,0.1033513301,0.03429074136,0.09091952771,0.4469925324,6.007319383,2016-09-01 0:00:00,2016Q1,6.0,2015,1
263,185,US-LL3,SAV,31.2688,-84.4787,159.5,2015-12-01,2016-3-1,0.03291233729,0.5344624558,0.04252590665,0.0257386646,0.04359943775,0.1911066036,0.04254361636,0.0578548465,0.02921836018,1.0,,2016Q1,1.0,2015,1
303,277,US-Rpf,DBF,65.1198,-147.429,497.0,2015-12-01,2016-3-1,0.04667646813,0.02964103029,0.03212326251,0.03631195629,0.0340318016,0.0284664436,0.04942084937,0.07463661619,0.6686560567,8.0,,2016Q1,8.0,2015,1
283,271,US-Ro1,CRO,44.7143,-93.0898,275.0,2015-12-01,2016-3-1,0.05221768351,0.02970967343,0.03420376597,0.03468146797,0.2914278582,0.02660668333,0.03193251849,0.09839347494,0.4007903599,6.4,,2016Q1,6.0,2015,1
388,317,US-Twt,CRO,38.10763333333333,-121.65276666666666,-7.0,2015-12-01,2016-3-1,0.4236151808,0.05727387216,0.03344644882,0.203038746,0.08724909922,0.06927538663,0.03694032526,0.06534346894,0.02377820538,0.582544104,,2016Q1,1.0,2015,1
282,271,US-Ro1,CRO,44.7143,-93.0898,275.0,2015-12-01,2016-3-1,0.05221768351,0.02970967343,0.03420376597,0.03468146797,0.2914278582,0.02660668333,0.03193251849,0.09839347494,0.4007903599,6.4,,2016Q1,6.0,2015,1
327,289,US-Sne,GRA,38.0369,-121.7547,-5.0,2015-12-01,2016-3-1,0.1605999955,0.122046035,0.09761788835,0.1222867325,0.2684601085,0.1106950309,0.04292742835,0.03895740621,0.03636633674,2.88098633,,2016Q1,3.0,2015,1
177,125,US-Fcr,OSH,65.3968,-148.9348,265.0,2015-12-01,2016-3-1,0.04727483685,0.0627515271,0.04138152315,0.03023680559,0.03289539224,0.05254907123,0.03534578493,0.1020865954,0.5954414912,7.189000332,2016-09-01 0:00:00,2016Q1,7.0,2015,1
36,81,US-BZF,WET,64.7013,-148.3121,95.0,2015-12-01,2016-3-1,0.04448295705,0.02450640101,0.02703468916,0.02756273766,0.03032542922,0.01956297497,0.03623680141,0.09677886626,0.6934734486,8.0,,2016Q1,8.0,2015,1
288,272,US-Ro2,CRO,44.7288,-93.0888,292.0,2015-12-01,2016-3-1,0.04787684109,0.04690604002,0.1745394114,0.03964187091,0.05528859677,0.09170348978,0.03152073955,0.1127850007,0.3996996582,5.6,,2016Q1,6.0,2015,1
277,270,US-Ro1,CRO,44.7143,-93.0898,275.0,2015-12-01,2016-3-1,0.05221768351,0.02970967343,0.03420376597,0.03468146797,0.2914278582,0.02660668333,0.03193251849,0.09839347494,0.4007903599,6.4,,2016Q1,6.0,2015,1
237,183,US-LL1,SAV,31.2792,-84.5329,165.0,2015-12-01,2016-3-1,0.03410930652,0.7023597544,0.0373347739,0.03039093432,0.03095308525,0.06036690042,0.03381541878,0.040390447,0.03024276323,1.0,,2016Q1,1.0,2015,1
353,298,US-Srr,WET,38.2006,-122.0264,8.0,2015-12-01,2016-3-1,0.03221154605,0.2395818277,0.1895285369,0.04972915059,0.1195052889,0.1947958634,0.03909892961,0.09448815196,0.04101953338,2.659609386,2016-09-01 0:00:00,2016Q1,3.0,2015,1
276,270,US-Ro1,CRO,44.7143,-93.0898,275.0,2015-12-01,2016-3-1,0.05221768351,0.02970967343,0.03420376597,0.03468146797,0.2914278582,0.02660668333,0.03193251849,0.09839347494,0.4007903599,6.4,,2016Q1,6.0,2015,1
163,121,US-EML,OSH,63.8784,-149.2536,700.0,2015-12-01,2016-3-1,0.04345464172,0.02459228677,0.02742194649,0.03131168349,0.03043092111,0.02256549344,0.04013690813,0.08515498343,0.6948941069,8.0,,2016Q1,8.0,2015,1
373,312,US-Tw1,WET,38.1074,-121.6469,-5.0,2015-12-01,2016-3-1,0.06050621096,0.09695236449,0.1390474203,0.3042410461,0.1055231288,0.1571574881,0.034242412,0.06470127639,0.0375880941,2.738390093,,2016Q1,3.0,2015,1
129,94,US-CMW,DBF,31.6637,-110.1777,1199.0,2015-12-01,2016-3-1,0.06051477181,0.2890906107,0.05166292831,0.03380634506,0.07867199314,0.2831221044,0.03957886853,0.1334273827,0.0300836409,2.401728296,,2016Q1,2.0,2015,1
254,184,US-LL2,SAV,31.201,-84.4449,155.0,2015-12-01,2016-3-1,0.03269158888,0.6903140442,0.03634021038,0.02723745804,0.02991245972,0.08169668491,0.03495272173,0.03870529693,0.02811337679,1.0,,2016Q1,1.0,2015,1
270,234,US-OWC,WET,41.3795,-82.5125,174.0,2015-12-01,2016-3-1,0.09227276578,0.1022670971,0.09450238417,0.532658144,0.03625887754,0.04698465202,0.03652825127,0.02425897141,0.03422948642,2.962536647,2016-09-01 0:00:00,2016Q1,3.0,2015,1
83,84,US-BZS,ENF,64.6963,-148.3235,100.0,2015-12-01,2016-3-1,0.04646236606,0.04601180807,0.03212356259,0.04198155783,0.03443689622,0.03170388698,0.04626985236,0.05630893881,0.6646648137,8.0,,2016Q1,8.0,2015,1
228,149,US-ICs,WET,68.6058,-149.311,920.0,2015-12-01,2016-3-1,0.04154669218,0.1317562054,0.07906641228,0.03274725603,0.0364143139,0.1206609802,0.03273533728,0.08081582438,0.4442187464,6.254358032,2016-09-01 0:00:00,2016Q1,6.0,2015,1
251,184,US-LL2,SAV,31.201,-84.4449,155.0,2016-03-02,2016-5-31,0.02938280761,0.6695535739,0.04719418393,0.02739413514,0.03528146439,0.05245514405,0.06399232405,0.03262921258,0.04208051575,1.0,,2016Q2,1.0,2016,2
41,81,US-BZF,WET,64.7013,-148.3121,95.0,2016-03-02,2016-5-31,0.05255981795,0.06359703854,0.09108782603,0.09792846786,0.05927374783,0.115686535,0.03479870996,0.121257175,0.3637712973,6.110402201,,2016Q2,6.0,2016,2
275,270,US-Ro1,CRO,44.7143,-93.0898,275.0,2016-03-02,2016-5-31,0.04550280639,0.02781813736,0.06881055128,0.02580397843,0.618305108,0.03945754219,0.03137694822,0.09797195035,0.04491592961,4.0,,2016Q2,4.0,2016,2
281,271,US-Ro1,CRO,44.7143,-93.0898,275.0,2016-03-02,2016-5-31,0.04550280639,0.02781813736,0.06881055128,0.02580397843,0.618305108,0.03945754219,0.03137694822,0.09797195035,0.04491592961,4.0,,2016Q2,4.0,2016,2
229,183,US-LL1,SAV,31.2792,-84.5329,165.0,2016-03-02,2016-5-31,0.02883533272,0.7076253198,0.04402276117,0.02231654099,0.03939264465,0.05890635838,0.03414374946,0.03138066862,0.03334241757,1.0,,2016Q2,1.0,2016,2
284,272,US-Ro2,CRO,44.7288,-93.0888,292.0,2016-03-02,2016-5-31,0.02931721215,0.03375434147,0.3391810083,0.04408070528,0.4255580333,0.02676159247,0.03833656376,0.02579635237,0.03717624641,4.0,,2016Q2,4.0,2016,2
260,185,US-LL3,SAV,31.2688,-84.4787,159.5,2016-03-02,2016-5-31,0.02462494761,0.5863146749,0.04455022596,0.02205796564,0.05279199136,0.1573820701,0.03556694885,0.02839561357,0.04827752954,1.0,,2016Q2,1.0,2016,2
271,234,US-OWC,WET,41.3795,-82.5125,174.0,2016-03-02,2016-5-31,0.09613498878,0.1502203604,0.09975363641,0.4613200157,0.03686046687,0.05625636665,0.03885402719,0.02576598309,0.03479398839,2.658505991,2016-11-30 0:00:00,2016Q2,3.0,2016,2
12,72,US-Bi1,CRO,38.0992,-121.4993,-2.7,2016-03-02,2016-5-31,0.03443937901,0.04036091659,0.3631905226,0.03782011635,0.3831335735,0.04361699442,0.03590779308,0.02776252898,0.03372919017,2.961622291,,2016Q2,3.0,2016,2
304,277,US-Rpf,DBF,65.1198,-147.429,497.0,2016-03-02,2016-5-31,0.04682992604,0.03513756146,0.03238774119,0.03415810126,0.03357222771,0.03866720181,0.03562703551,0.07902402154,0.664559893,8.0,,2016Q2,8.0,2016,2
195,148,US-ICh,OSH,68.6068,-149.2958,940.0,2016-03-02,2016-5-31,0.04963287369,0.02775220546,0.03248836692,0.03202203559,0.03128971361,0.01925183013,0.03296249737,0.1086524599,0.6659116428,8.0,,2016Q2,8.0,2016,2
120,94,US-CMW,DBF,31.6637,-110.1777,1199.0,2016-03-02,2016-5-31,0.03454514685,0.255423962,0.05675393187,0.02547515816,0.06781902792,0.4137117419,0.02503511161,0.09498694094,0.02620943467,4.03397642,,2016Q2,4.0,2016,2
324,289,US-Sne,GRA,38.0369,-121.7547,-5.0,2016-03-02,2016-5-31,0.1370947184,0.1039814874,0.1867159896,0.210270132,0.1691853007,0.07563608214,0.04314081207,0.03951716521,0.03441594636,2.150804377,,2016Q2,2.0,2016,2
80,84,US-BZS,ENF,64.6963,-148.3235,100.0,2016-03-02,2016-5-31,0.0422073383,0.2512807816,0.06995941719,0.03443004131,0.02610424678,0.1236424686,0.02863280227,0.0489096557,0.3747958806,4.915460237,,2016Q2,5.0,2016,2
347,298,US-Srr,WET,38.2006,-122.0264,8.0,2016-03-02,2016-5-31,0.03336825555,0.3460070372,0.1824680116,0.03268801929,0.1298534405,0.1503804466,0.03558004878,0.05306567683,0.036549223,1.603338485,,2016Q2,2.0,2016,2
175,125,US-Fcr,OSH,65.3968,-148.9348,265.0,2016-03-02,2016-5-31,0.04727483685,0.0627515271,0.04138152315,0.03023680559,0.03289539224,0.05254907123,0.03534578493,0.1020865954,0.5954414912,7.189000332,,2016Q2,7.0,2016,2
221,149,US-ICs,WET,68.6058,-149.311,920.0,2016-03-02,2016-5-31,0.04886882923,0.02788595415,0.03245199376,0.03187079154,0.03127912167,0.01935611688,0.03333011687,0.1079718409,0.6669485625,8.0,,2016Q2,8.0,2016,2
386,317,US-Twt,CRO,38.10763333333333,-121.65276666666666,-7.0,2016-03-02,2016-5-31,0.05572596058,0.05642508859,0.0958369029,0.03190524895,0.5320630267,0.08764764493,0.03334974044,0.06930124722,0.03770592609,3.962016404,,2016Q2,4.0,2016,2
168,121,US-EML,OSH,63.8784,-149.2536,700.0,2016-03-02,2016-5-31,0.05123390069,0.02739989315,0.03268907049,0.03193814507,0.03154029163,0.0179571088,0.0310012069,0.1100048619,0.6661997233,8.0,,2016Q2,8.0,2016,2
366,312,US-Tw1,WET,38.1074,-121.6469,-5.0,2016-03-02,2016-5-31,0.04957036182,0.2212117432,0.1838137285,0.05286032581,0.2359347352,0.1498106363,0.0314386149,0.04450739055,0.03081106544,2.478668731,,2016Q2,2.0,2016,2
261,185,US-LL3,SAV,31.2688,-84.4787,159.5,2016-06-01,2016-8-31,0.03034281999,0.6034927591,0.04948659997,0.0267015921,0.0448700434,0.1573475691,0.02710595325,0.03074948542,0.02986516523,1.0,,2016Q3,1.0,2016,3
91,84,US-BZS,ENF,64.6963,-148.3235,100.0,2016-06-01,2016-8-31,0.06942745614,0.2069513744,0.04741889021,0.04146897243,0.05449168484,0.04112206396,0.05406627592,0.06818644379,0.4168277661,4.832033023,2017-02-28 0:00:00,2016Q3,5.0,2016,3
209,149,US-ICs,WET,68.6058,-149.311,920.0,2016-06-01,2016-8-31,0.03479991308,0.2287041131,0.1218949809,0.03348597701,0.04108401097,0.214049566,0.03216153535,0.05556377332,0.2382164987,4.632542918,,2016Q3,5.0,2016,3
173,121,US-EML,OSH,63.8784,-149.2536,700.0,2016-06-01,2016-8-31,0.04144619823,0.03728569602,0.1008408389,0.03380404071,0.0369243238,0.1082035019,0.04028045949,0.1004102629,0.5007669398,7.107332751,2017-02-28 0:00:00,2016Q3,7.0,2016,3
245,183,US-LL1,SAV,31.2792,-84.5329,165.0,2016-06-01,2016-8-31,0.03524360528,0.7087290201,0.04193337356,0.03248142067,0.0281781011,0.05719982643,0.02798197436,0.03817986338,0.03003712028,1.0,,2016Q3,1.0,2016,3
178,125,US-Fcr,OSH,65.3968,-148.9348,265.0,2016-06-01,2016-8-31,0.06329097604,0.04247143739,0.02511132915,0.03946834895,0.0406371335,0.04890636143,0.07004649783,0.1050586931,0.5649701732,7.997313501,2017-02-28 0:00:00,2016Q3,8.0,2016,3
182,148,US-ICh,OSH,68.6068,-149.2958,940.0,2016-06-01,2016-8-31,0.03419437145,0.1163176218,0.2573182677,0.03701167601,0.03078912044,0.18745083,0.03561898535,0.07318659553,0.228073422,4.014638767,,2016Q3,4.0,2016,3
253,184,US-LL2,SAV,31.201,-84.4449,155.0,2016-06-01,2016-8-31,0.03263047479,0.7315356749,0.03701715031,0.03112144283,0.02783643274,0.04232664064,0.03123115611,0.03497282437,0.03129116333,1.0,,2016Q3,1.0,2016,3
268,234,US-OWC,WET,41.3795,-82.5125,174.0,2016-06-01,2016-8-31,0.09227276578,0.1022670971,0.09450238417,0.532658144,0.03625887754,0.04698465202,0.03652825127,0.02425897141,0.03422948642,2.962536647,,2016Q3,3.0,2016,3
106,94,US-CMW,DBF,31.6637,-110.1777,1199.0,2016-06-01,2016-8-31,0.02762171666,0.6034346999,0.03240253734,0.02603995919,0.03874948835,0.1834453562,0.030134524,0.03262379012,0.02551105267,1.0,,2016Q3,1.0,2016,3
286,272,US-Ro2,CRO,44.7288,-93.0888,292.0,2016-06-01,2016-8-31,0.03266728393,0.424604715,0.2188632585,0.04526078706,0.110912175,0.07120404505,0.02603251983,0.03645580106,0.03395832274,1.021948219,,2016Q3,1.0,2016,3
346,298,US-Srr,WET,38.2006,-122.0264,8.0,2016-06-01,2016-8-31,0.03124762147,0.1508941532,0.195412308,0.06393009334,0.1108818293,0.2318087107,0.0420313303,0.1290068812,0.04474479203,3.539835137,,2016Q3,4.0,2016,3
314,289,US-Sne,GRA,38.0369,-121.7547,-5.0,2016-06-01,2016-8-31,0.03313121552,0.09409371376,0.1549267636,0.04412385522,0.2475836355,0.1385500592,0.1889354942,0.05874025111,0.0398724218,4.537462305,,2016Q3,5.0,2016,3
294,277,US-Rpf,DBF,65.1198,-147.429,497.0,2016-06-01,2016-8-31,0.03614074031,0.4774585676,0.1382279417,0.0271675754,0.04863294501,0.1738307719,0.03052420036,0.03760056742,0.0303759938,1.008826661,,2016Q3,1.0,2016,3
2,72,US-Bi1,CRO,38.0992,-121.4993,-2.7,2016-06-01,2016-8-31,0.02868803389,0.04602144912,0.1875522759,0.0355111093,0.5486675974,0.03821819125,0.03506347346,0.04266143754,0.03757841196,3.900082559,,2016Q3,4.0,2016,3
278,271,US-Ro1,CRO,44.7143,-93.0898,275.0,2016-06-01,2016-8-31,0.03979062393,0.04614792251,0.2163535916,0.04005450236,0.4644019608,0.04692246402,0.04027760573,0.06623905323,0.03977274486,4.0,,2016Q3,4.0,2016,3
357,312,US-Tw1,WET,38.1074,-121.6469,-5.0,2016-06-01,2016-8-31,0.03360774832,0.07187795159,0.07124087726,0.5870421643,0.05263087384,0.08517558079,0.03559186508,0.02807811159,0.03471685199,2.988235294,,2016Q3,3.0,2016,3
387,317,US-Twt,CRO,38.10763333333333,-121.65276666666666,-7.0,2016-06-01,2016-8-31,0.06331162354,0.2745943598,0.1039236141,0.09702864646,0.293741533,0.04972569686,0.04421152326,0.03865648642,0.03476604864,2.663788301,,2016Q3,3.0,2016,3
272,270,US-Ro1,CRO,44.7143,-93.0898,275.0,2016-06-01,2016-8-31,0.03979062393,0.04614792251,0.2163535916,0.04005450236,0.4644019608,0.04692246402,0.04027760573,0.06623905323,0.03977274486,4.0,,2016Q3,4.0,2016,3
49,81,US-BZF,WET,64.7013,-148.3121,95.0,2016-06-01,2016-8-31,0.04103850202,0.02963984344,0.02922291869,0.03585888581,0.05168888867,0.04158246867,0.04875981522,0.09306571434,0.6291053216,8.0,2017-02-28 0:00:00,2016Q3,8.0,2016,3
162,121,US-EML,OSH,63.8784,-149.2536,700.0,2016-09-01,2016-11-30,0.04244325405,0.02394293392,0.02542784384,0.0255841667,0.03112353788,0.02354269884,0.03902266893,0.08060340791,0.7082733238,8.0,,2016Q4,8.0,2016,4
350,298,US-Srr,WET,38.2006,-122.0264,8.0,2016-09-01,2016-11-30,0.03820270278,0.09414292281,0.247548242,0.07773677462,0.1021453375,0.2277854939,0.03767811148,0.1363168654,0.03840060304,3.575690881,,2016Q4,4.0,2016,4
176,125,US-Fcr,OSH,65.3968,-148.9348,265.0,2016-09-01,2016-11-30,0.07277484694,0.05060069184,0.02492845063,0.04272817257,0.04233505093,0.05704521,0.06707016887,0.1113165871,0.5311611737,7.996418002,,2016Q4,8.0,2016,4
265,185,US-LL3,SAV,31.2688,-84.4787,159.5,2016-09-01,2016-11-30,0.03333495843,0.5870233493,0.04276493253,0.02637756211,0.03631804502,0.1457155104,0.04390163028,0.05414389128,0.03038230328,1.0,,2016Q4,1.0,2016,4
315,289,US-Sne,GRA,38.0369,-121.7547,-5.0,2016-09-01,2016-11-30,0.05085613335,0.2736656793,0.0922218346,0.0467043534,0.1459953435,0.2122984677,0.09037360382,0.04866966846,0.0391728598,2.704860358,,2016Q4,3.0,2016,4
186,148,US-ICh,OSH,68.6068,-149.2958,940.0,2016-09-01,2016-11-30,0.04558691646,0.02635791417,0.03129693321,0.03283026344,0.03311996484,0.02428341568,0.0465332207,0.1266278613,0.6333266027,8.0,,2016Q4,8.0,2016,4
308,277,US-Rpf,DBF,65.1198,-147.429,497.0,2016-09-01,2016-11-30,0.0497772718,0.1525048015,0.1244948202,0.03369128994,0.03615921565,0.1696202601,0.04222657763,0.1003666389,0.2911198333,5.142857143,,2016Q4,5.0,2016,4
269,234,US-OWC,WET,41.3795,-82.5125,174.0,2016-09-01,2016-11-30,0.1077216578,0.2940801502,0.1155073931,0.2473056308,0.03866523486,0.08407151053,0.04583135493,0.03028701816,0.03648749431,1.746414025,,2016Q4,2.0,2016,4
111,94,US-CMW,DBF,31.6637,-110.1777,1199.0,2016-09-01,2016-11-30,0.03188480702,0.6530905292,0.03410095024,0.02338268072,0.03622927362,0.125822595,0.03109201674,0.03905829761,0.02530275246,1.0,,2016Q4,1.0,2016,4
0,72,US-Bi1,CRO,38.0992,-121.4993,-2.7,2016-09-01,2016-11-30,0.02761682119,0.05349393774,0.1813774955,0.03307544436,0.5640112722,0.0431392627,0.03946726444,0.02560950331,0.03217092775,4.0,,2016Q4,4.0,2016,4
384,317,US-Twt,CRO,38.10763333333333,-121.65276666666666,-7.0,2016-09-01,2016-11-30,0.03284519686,0.05268999483,0.251382518,0.04431400764,0.4604472081,0.05462440039,0.03529862217,0.03743421939,0.03092470521,3.949922625,,2016Q4,4.0,2016,4
218,149,US-ICs,WET,68.6058,-149.311,920.0,2016-09-01,2016-11-30,0.04772393481,0.02591034032,0.03009752194,0.03145287322,0.03131357407,0.02163194351,0.03821992205,0.1161541917,0.6574590979,8.0,,2016Q4,8.0,2016,4
358,312,US-Tw1,WET,38.1074,-121.6469,-5.0,2016-09-01,2016-11-30,0.03436729214,0.1355565837,0.05843616518,0.528415998,0.05441710596,0.08846472813,0.03782784301,0.02848112946,0.03399310227,2.946047472,,2016Q4,3.0,2016,4
285,272,US-Ro2,CRO,44.7288,-93.0888,292.0,2016-09-01,2016-11-30,0.03091342476,0.05295990921,0.3838128687,0.03814619833,0.3429401376,0.04875061932,0.04152182349,0.02765586013,0.03325997266,3.0,,2016Q4,3.0,2016,4
34,81,US-BZF,WET,64.7013,-148.3121,95.0,2016-09-01,2016-11-30,0.0427928094,0.03527807445,0.03169429127,0.04360843268,0.07136324423,0.05923504198,0.04943927902,0.08396732627,0.5825831325,8.0,,2016Q4,8.0,2016,4
280,271,US-Ro1,CRO,44.7143,-93.0898,275.0,2016-09-01,2016-11-30,0.04372160546,0.03452713614,0.07447458295,0.03235751484,0.6399005456,0.03201549506,0.03113298254,0.07145476547,0.04037843938,3.998667226,,2016Q4,4.0,2016,4
242,183,US-LL1,SAV,31.2792,-84.5329,165.0,2016-09-01,2016-11-30,0.03478765355,0.6855669113,0.04077330924,0.03296866773,0.02907178377,0.06874286062,0.03228159211,0.04520461232,0.03056666828,1.0,,2016Q4,1.0,2016,4
90,84,US-BZS,ENF,64.6963,-148.3235,100.0,2016-09-01,2016-11-30,0.09963955089,0.3850779843,0.06712022145,0.05026795548,0.07778990948,0.05430800151,0.06169003073,0.06950229485,0.1345622636,1.664066047,,2016Q4,2.0,2016,4
274,270,US-Ro1,CRO,44.7143,-93.0898,275.0,2016-09-01,2016-11-30,0.04372160546,0.03452713614,0.07447458295,0.03235751484,0.6399005456,0.03201549506,0.03113298254,0.07145476547,0.04037843938,3.998667226,,2016Q4,4.0,2016,4
255,184,US-LL2,SAV,31.201,-84.4449,155.0,2016-09-01,2016-11-30,0.03289209832,0.6858219432,0.03941831496,0.02787698766,0.02847164652,0.07137966116,0.04014719372,0.04473512826,0.02922069854,1.0,,2016Q4,1.0,2016,4
371,312,US-Tw1,WET,38.1074,-121.6469,-5.0,2016-12-01,2017-3-1,0.05687087072,0.1020960811,0.2225748871,0.09954085151,0.1804092072,0.2064374327,0.0422058001,0.05609087111,0.03373144214,3.346130031,,2017Q1,3.0,2016,1
164,121,US-EML,OSH,63.8784,-149.2536,700.0,2016-12-01,2017-3-1,0.04346986522,0.02441616109,0.02873579341,0.02952216739,0.03238237914,0.02284545017,0.04528750674,0.1076312699,0.665672576,8.0,,2017Q1,8.0,2016,1
127,94,US-CMW,DBF,31.6637,-110.1777,1199.0,2016-12-01,2017-3-1,0.05356522705,0.3229529958,0.04497988875,0.02936053936,0.06553504238,0.3046870581,0.03625556785,0.1148500419,0.02777368737,2.109257771,,2017Q1,2.0,2016,1
267,185,US-LL3,SAV,31.2688,-84.4787,159.5,2016-12-01,2017-3-1,0.03467609981,0.4756419832,0.04334038952,0.02889012203,0.04128918836,0.2469955418,0.04331644283,0.05735578659,0.02845531673,1.8359509,,2017Q1,2.0,2016,1
333,289,US-Sne,GRA,38.0369,-121.7547,-5.0,2016-12-01,2017-3-1,0.2824798749,0.1112457269,0.07687674876,0.2165085472,0.05076740092,0.1339223661,0.036866708,0.05428378364,0.03700673138,1.459295537,,2017Q1,1.0,2016,1
184,148,US-ICh,OSH,68.6068,-149.2958,940.0,2016-12-01,2017-3-1,0.04051434617,0.02273488997,0.02629457787,0.02827787862,0.03083055666,0.02336951727,0.04777801717,0.1042489758,0.6759150528,8.0,,2017Q1,8.0,2016,1
287,272,US-Ro2,CRO,44.7288,-93.0888,292.0,2016-12-01,2017-3-1,0.04314820777,0.02433377273,0.02795115488,0.02923777615,0.03033656858,0.02130123428,0.03795054034,0.1044396765,0.6812649999,8.0,,2017Q1,8.0,2016,1
210,149,US-ICs,WET,68.6058,-149.311,920.0,2016-12-01,2017-3-1,0.03831425586,0.02284791864,0.02644929834,0.02772439011,0.03056481831,0.02331817161,0.04799769982,0.1025987907,0.6801483861,8.0,,2017Q1,8.0,2016,1
279,271,US-Ro1,CRO,44.7143,-93.0898,275.0,2016-12-01,2017-3-1,0.04355834673,0.02432620855,0.02759407269,0.02934991127,0.02945830849,0.02154018325,0.03736645888,0.10113115,0.685639783,8.0,,2017Q1,8.0,2016,1
248,183,US-LL1,SAV,31.2792,-84.5329,165.0,2016-12-01,2017-3-1,0.03576335988,0.6780986854,0.04094839537,0.03254055468,0.02901914503,0.07220473573,0.03470419531,0.04614347022,0.03054037888,1.0,,2017Q1,1.0,2016,1
273,270,US-Ro1,CRO,44.7143,-93.0898,275.0,2016-12-01,2017-3-1,0.04355834673,0.02432620855,0.02759407269,0.02934991127,0.02945830849,0.02154018325,0.03736645888,0.10113115,0.685639783,8.0,,2017Q1,8.0,2016,1
256,184,US-LL2,SAV,31.201,-84.4449,155.0,2016-12-01,2017-3-1,0.03293126714,0.642409168,0.04221402213,0.02797136134,0.02934536028,0.1133297607,0.03956778738,0.04441671694,0.02777829956,1.0,,2017Q1,1.0,2016,1
352,298,US-Srr,WET,38.2006,-122.0264,8.0,2016-12-01,2017-3-1,0.04316042721,0.1425564694,0.3575148053,0.04591363968,0.1271205872,0.1567963074,0.02945211227,0.05723206622,0.04021214202,1.960350335,,2017Q1,2.0,2016,1
306,277,US-Rpf,DBF,65.1198,-147.429,497.0,2016-12-01,2017-3-1,0.04712219631,0.03022699935,0.03168293623,0.03693168128,0.03546419404,0.03181146686,0.05603568418,0.0783436252,0.6523443522,8.0,,2017Q1,8.0,2016,1
389,317,US-Twt,CRO,38.10763333333333,-121.65276666666666,-7.0,2016-12-01,2017-3-1,0.4894409091,0.07503915152,0.04634376863,0.1401141563,0.07121531302,0.06683755796,0.04050234494,0.04205005613,0.02841628197,0.03482925823,,2017Q1,0.0,2016,1
20,72,US-Bi1,CRO,38.0992,-121.4993,-2.7,2016-12-01,2017-3-1,0.04299224107,0.03925512482,0.1814186859,0.03146323777,0.5636470004,0.04994961235,0.03078334645,0.0277931981,0.03266101405,3.353993808,,2017Q1,3.0,2016,1
73,84,US-BZS,ENF,64.6963,-148.3235,100.0,2016-12-01,2017-3-1,0.03921536139,0.02882476451,0.02771755897,0.03266998938,0.0311934602,0.02793612641,0.04644252111,0.06687059272,0.6990932686,8.0,,2017Q1,8.0,2016,1
30,81,US-BZF,WET,64.7013,-148.3121,95.0,2016-12-01,2017-3-1,0.03928419464,0.02400161242,0.02675154611,0.02810933894,0.0320145331,0.02392989537,0.04808035143,0.1021641024,0.6756275106,8.0,,2017Q1,8.0,2016,1
212,149,US-ICs,WET,68.6058,-149.311,920.0,2017-03-02,2017-5-31,0.04386131309,0.02618375768,0.0295125395,0.03045399147,0.03250278549,0.0199101465,0.03630132392,0.0872614083,0.6939772003,8.0,,2017Q2,8.0,2017,2
307,277,US-Rpf,DBF,65.1198,-147.429,497.0,2017-03-02,2017-5-31,0.04838538142,0.02779173427,0.03221602989,0.03118044391,0.03142745827,0.01987382341,0.0311529032,0.09798181631,0.679954099,8.0,,2017Q2,8.0,2017,2
348,298,US-Srr,WET,38.2006,-122.0264,8.0,2017-03-02,2017-5-31,0.03382536584,0.2395731033,0.2442792585,0.04452053618,0.1721507161,0.1529655137,0.03953463315,0.03898974016,0.03411990239,1.908709428,,2017Q2,2.0,2017,2
188,148,US-ICh,OSH,68.6068,-149.2958,940.0,2017-03-02,2017-5-31,0.04585865762,0.02545849,0.02942357121,0.02962937106,0.0304415272,0.01850705241,0.03402358036,0.09659106327,0.6900310462,8.0,,2017Q2,8.0,2017,2
262,185,US-LL3,SAV,31.2688,-84.4787,159.5,2017-03-02,2017-5-31,0.03168621779,0.429375124,0.04023222074,0.02500031075,0.05102641265,0.2980661751,0.0399716284,0.05151935304,0.03308334287,2.127425593,,2017Q2,2.0,2017,2
77,84,US-BZS,ENF,64.6963,-148.3235,100.0,2017-03-02,2017-5-31,0.04118724088,0.02778644693,0.03081979177,0.03080255395,0.02847798052,0.02266333677,0.02944257663,0.06465790619,0.7241274218,8.0,,2017Q2,8.0,2017,2
5,72,US-Bi1,CRO,38.0992,-121.4993,-2.7,2017-03-02,2017-5-31,0.03191316699,0.03270787421,0.3185204681,0.04647013955,0.4273438199,0.03164538635,0.04115776863,0.02623807491,0.04396556598,3.5,,2017Q2,4.0,2017,2
121,94,US-CMW,DBF,31.6637,-110.1777,1199.0,2017-03-02,2017-5-31,0.03463133018,0.2800674557,0.0494213032,0.02545148887,0.06613766815,0.3997870664,0.02467255922,0.09424235583,0.0255495935,3.689665952,,2017Q2,4.0,2017,2
372,312,US-Tw1,WET,38.1074,-121.6469,-5.0,2017-03-02,2017-5-31,0.05859892961,0.1700863473,0.156176244,0.1032978825,0.2203391629,0.1614263554,0.04279673203,0.0475053948,0.03972969185,3.173911249,,2017Q2,3.0,2017,2
334,289,US-Sne,GRA,38.0369,-121.7547,-5.0,2017-03-02,2017-5-31,0.295988857,0.1371664468,0.05090894686,0.3228494816,0.03895932296,0.05438342996,0.03528888866,0.03732121627,0.02709201098,1.439474563,,2017Q2,1.0,2017,2
385,317,US-Twt,CRO,38.10763333333333,-121.65276666666666,-7.0,2017-03-02,2017-5-31,0.04925290188,0.05951625451,0.07963969977,0.0275606706,0.5215144943,0.1128086806,0.03491833964,0.07747971135,0.03726961719,4.173620138,,2017Q2,4.0,2017,2
165,121,US-EML,OSH,63.8784,-149.2536,700.0,2017-03-02,2017-5-31,0.04596687961,0.03165537895,0.08106329025,0.04969641725,0.03581115011,0.07404926935,0.03566667255,0.1303641311,0.5156879764,7.092848854,,2017Q2,7.0,2017,2
39,81,US-BZF,WET,64.7013,-148.3121,95.0,2017-03-02,2017-5-31,0.04834557393,0.02778312575,0.03193951418,0.03258465831,0.03164282351,0.01930886758,0.03237653745,0.101748408,0.6742351581,8.0,,2017Q2,8.0,2017,2
252,184,US-LL2,SAV,31.201,-84.4449,155.0,2017-03-02,2017-5-31,0.02992408668,0.6596120085,0.03445451677,0.02555776516,0.03766538596,0.1043489625,0.04047345881,0.03549264046,0.0324346998,1.0,,2017Q2,1.0,2017,2
234,183,US-LL1,SAV,31.2792,-84.5329,165.0,2017-03-02,2017-5-31,0.03300696911,0.5915124413,0.04600611544,0.02859533174,0.0350510688,0.154016125,0.03842802473,0.04281918488,0.03052831369,1.0,,2017Q2,1.0,2017,2
72,84,US-BZS,ENF,64.6963,-148.3235,100.0,2017-06-01,2017-8-31,0.03847682393,0.6341223134,0.08767378019,0.03746472253,0.0373767194,0.07052845212,0.02929999205,0.03372055711,0.03129923239,1.001255472,,2017Q3,1.0,2017,3
290,277,US-Rpf,DBF,65.1198,-147.429,497.0,2017-06-01,2017-8-31,0.03141161922,0.6809681785,0.05868874857,0.02523964392,0.03840649004,0.07432830832,0.0264699526,0.03282084525,0.03163155511,1.0,,2017Q3,1.0,2017,3
181,148,US-ICh,OSH,68.6068,-149.2958,940.0,2017-06-01,2017-8-31,0.03248371088,0.1840442814,0.2691800411,0.03343365816,0.03480272111,0.2597928878,0.03373067798,0.1227649751,0.02972610104,2.827183616,,2017Q3,3.0,2017,3
27,81,US-BZF,WET,64.7013,-148.3121,95.0,2017-06-01,2017-8-31,0.0345160249,0.2652295055,0.3930555647,0.04367317782,0.04536508471,0.1179685151,0.03251592913,0.03197359044,0.03566215893,1.632936008,,2017Q3,2.0,2017,3
349,298,US-Srr,WET,38.2006,-122.0264,8.0,2017-06-01,2017-8-31,0.03496690385,0.1684533424,0.1429910899,0.1125548128,0.2336733018,0.1254155083,0.04321489802,0.08906018788,0.04962762932,2.960545174,,2017Q3,3.0,2017,3
158,121,US-EML,OSH,63.8784,-149.2536,700.0,2017-06-01,2017-8-31,0.02768553123,0.1800189608,0.3944765611,0.03557958021,0.0341371366,0.2253810038,0.03337127413,0.04319309175,0.02611725108,2.0,,2017Q3,2.0,2017,3
11,72,US-Bi1,CRO,38.0992,-121.4993,-2.7,2017-06-01,2017-8-31,0.03321977911,0.08519678285,0.2491039237,0.02875128437,0.4212286073,0.05052900422,0.04101452479,0.04365530364,0.04726149369,3.389366732,,2017Q3,3.0,2017,3
328,289,US-Sne,GRA,38.0369,-121.7547,-5.0,2017-06-01,2017-8-31,0.1687293803,0.06069426227,0.0641380935,0.4775512329,0.0331285122,0.07346215942,0.03563254126,0.05020351293,0.03642022878,3.071190188,,2017Q3,3.0,2017,3
259,185,US-LL3,SAV,31.2688,-84.4787,159.5,2017-06-01,2017-8-31,0.02390377382,0.595662166,0.0369140216,0.03108863356,0.03980596856,0.1521871584,0.04511195416,0.02429368952,0.05099558574,1.0,,2017Q3,1.0,2017,3
250,184,US-LL2,SAV,31.201,-84.4449,155.0,2017-06-01,2017-8-31,0.02652803537,0.7571244486,0.02900599211,0.02550766001,0.02943961184,0.0402425622,0.03057388738,0.02897096123,0.03257231633,1.0,,2017Q3,1.0,2017,3
108,94,US-CMW,DBF,31.6637,-110.1777,1199.0,2017-06-01,2017-8-31,0.02981403626,0.6001270278,0.04602868697,0.02978317645,0.06529368979,0.1121661547,0.05216992353,0.03153314826,0.03304701724,1.403343456,,2017Q3,1.0,2017,3
206,149,US-ICs,WET,68.6058,-149.311,920.0,2017-06-01,2017-8-31,0.03313051463,0.2557946509,0.1491937465,0.04203712213,0.04090416284,0.2833404631,0.03939217939,0.122672339,0.0334943801,2.836518508,,2017Q3,3.0,2017,3
230,183,US-LL1,SAV,31.2792,-84.5329,165.0,2017-06-01,2017-8-31,0.02977403676,0.7379681817,0.03363901164,0.0264528057,0.03293505127,0.04855795268,0.03135075242,0.02796803317,0.03131977731,1.0,,2017Q3,1.0,2017,3
359,312,US-Tw1,WET,38.1074,-121.6469,-5.0,2017-06-01,2017-8-31,0.0344479878,0.2427007984,0.07073930865,0.2737860542,0.1519095777,0.09807464791,0.05458504753,0.03458415666,0.03913113304,2.368286894,,2017Q3,2.0,2017,3
264,185,US-LL3,SAV,31.2688,-84.4787,159.5,2017-09-01,2017-11-30,0.03310469163,0.6643134475,0.03779643192,0.02750562826,0.03184554407,0.09138801348,0.03741939954,0.04703383659,0.02955586801,1.0,,2017Q4,1.0,2017,4
330,289,US-Sne,GRA,38.0369,-121.7547,-5.0,2017-09-01,2017-11-30,0.2021022334,0.04077750747,0.04823645519,0.5471507019,0.03193884058,0.04549296496,0.0322948819,0.02763572784,0.02433269552,2.716632644,,2017Q4,3.0,2017,4
363,312,US-Tw1,WET,38.1074,-121.6469,-5.0,2017-09-01,2017-11-30,0.04159976623,0.1790253581,0.06696186961,0.3451677618,0.1618195562,0.07843615083,0.05630697275,0.03227008804,0.03837126784,2.943574444,,2017Q4,3.0,2017,4
31,81,US-BZF,WET,64.7013,-148.3121,95.0,2017-09-01,2017-11-30,0.04035179054,0.08614556284,0.2201970233,0.04717433648,0.05586207786,0.278896152,0.03894466475,0.1009159545,0.1314711054,4.756913973,,2017Q4,5.0,2017,4
247,183,US-LL1,SAV,31.2792,-84.5329,165.0,2017-09-01,2017-11-30,0.0357361543,0.713447524,0.03660683965,0.03341270911,0.02973592754,0.04836368474,0.03133528991,0.03968558038,0.03163952616,1.0,,2017Q4,1.0,2017,4
172,121,US-EML,OSH,63.8784,-149.2536,700.0,2017-09-01,2017-11-30,0.06704794411,0.034262622,0.07689593157,0.04697101892,0.04965195098,0.1298284206,0.05699182086,0.1355522046,0.4027589737,6.8,,2017Q4,7.0,2017,4
84,84,US-BZS,ENF,64.6963,-148.3235,100.0,2017-09-01,2017-11-30,0.04746551177,0.4250796682,0.07267008044,0.04411297434,0.0320872888,0.152613425,0.03237678385,0.05340362984,0.1401520518,2.717262455,,2017Q4,3.0,2017,4
15,72,US-Bi1,CRO,38.0992,-121.4993,-2.7,2017-09-01,2017-11-30,0.03634606583,0.04303702338,0.2960264557,0.03532117696,0.4049283746,0.05914941737,0.03898958536,0.04095972085,0.04520238205,3.607467492,,2017Q4,4.0,2017,4
109,94,US-CMW,DBF,31.6637,-110.1777,1199.0,2017-09-01,2017-11-30,0.03104460728,0.6559720138,0.03402401559,0.02300857653,0.03506183856,0.1212944704,0.03103595917,0.04186499043,0.02665674076,1.0,,2017Q4,1.0,2017,4
258,184,US-LL2,SAV,31.201,-84.4449,155.0,2017-09-01,2017-11-30,0.03376141153,0.7196569045,0.0351677512,0.03039291215,0.0287617874,0.04866647366,0.03448265704,0.03838260333,0.03069142561,1.0,,2017Q4,1.0,2017,4
351,298,US-Srr,WET,38.2006,-122.0264,8.0,2017-09-01,2017-11-30,0.04266137856,0.1686964194,0.1734636227,0.09335836579,0.1631980581,0.1589678481,0.04133931117,0.110634329,0.04763806509,2.672665449,,2017Q4,3.0,2017,4
199,148,US-ICh,OSH,68.6068,-149.2958,940.0,2017-09-01,2017-11-30,0.048366197,0.02657451205,0.0310750672,0.030620991,0.03093894793,0.019036546,0.0340156525,0.1079943457,0.6713415388,8.0,2018-05-30 0:00:00,2017Q4,8.0,2017,4
295,277,US-Rpf,DBF,65.1198,-147.429,497.0,2017-09-01,2017-11-30,0.03955784535,0.2199492856,0.07299304441,0.03596877178,0.03749378548,0.1889517077,0.04419798538,0.1029196111,0.2579287085,4.6,,2017Q4,5.0,2017,4
225,149,US-ICs,WET,68.6058,-149.311,920.0,2017-09-01,2017-11-30,0.04827948977,0.02655574982,0.0310210572,0.03033919755,0.03092834595,0.01881505347,0.03398919688,0.1070821456,0.6729533964,8.0,2018-05-30 0:00:00,2017Q4,8.0,2017,4
266,185,US-LL3,SAV,31.2688,-84.4787,159.5,2017-12-01,2018-3-1,0.03414061276,0.5586315556,0.04036709261,0.02721322597,0.03756515067,0.1727472326,0.04385610425,0.05596073221,0.02948031249,1.0,,2018Q1,1.0,2017,1
257,184,US-LL2,SAV,31.201,-84.4449,155.0,2017-12-01,2018-3-1,0.0332445932,0.6820897398,0.03688982017,0.02689905029,0.02914011769,0.08490674928,0.03836502351,0.03988482344,0.02854380244,1.0,,2018Q1,1.0,2017,1
55,83,US-BZo,WET,64.6936,-148.33,100.0,2017-12-01,2018-3-1,0.03511497014,0.02613987918,0.02837894072,0.02763610774,0.02880213683,0.02288919327,0.03518867129,0.06382955211,0.7319860921,8.0,,2018Q1,8.0,2017,1
166,121,US-EML,OSH,63.8784,-149.2536,700.0,2017-12-01,2018-3-1,0.04681057693,0.02561845914,0.02911196904,0.02780864833,0.03059643943,0.01871124133,0.03198843084,0.09339256857,0.6959264811,8.0,,2018Q1,8.0,2017,1
75,84,US-BZS,ENF,64.6963,-148.3235,100.0,2017-12-01,2018-3-1,0.03999384776,0.02905259801,0.02936322909,0.03257910943,0.03090746358,0.02485159884,0.03746954846,0.059822021,0.7159244043,8.0,,2018Q1,8.0,2017,1
332,289,US-Sne,GRA,38.0369,-121.7547,-5.0,2017-12-01,2018-3-1,0.2765597688,0.2424489395,0.0410762972,0.2140192207,0.0427892695,0.0726870367,0.03775729479,0.0390382067,0.03358279216,0.7375444988,,2018Q1,1.0,2017,1
226,149,US-ICs,WET,68.6058,-149.311,920.0,2017-12-01,2018-3-1,0.04638495974,0.08019240198,0.05911461973,0.0367127684,0.03377219079,0.09299850327,0.03421218944,0.1054908381,0.5110838548,6.806944843,2018-09-01 0:00:00,2018Q1,7.0,2017,1
200,148,US-ICh,OSH,68.6068,-149.2958,940.0,2017-12-01,2018-3-1,0.0455445763,0.0443554475,0.09649136165,0.03497693535,0.03176896165,0.08174095105,0.03410443137,0.1039718467,0.5270082705,6.931779288,2018-09-01 0:00:00,2018Q1,7.0,2017,1
343,290,US-Snf,GRA,38.0402,-121.7272,-4.0,2017-12-01,2018-3-1,0.04207033138,0.05558118124,0.3615625816,0.04623922709,0.2365170313,0.1150550487,0.0576694352,0.04349932665,0.0417648422,2.541776971,,2018Q1,3.0,2017,1
243,183,US-LL1,SAV,31.2792,-84.5329,165.0,2017-12-01,2018-3-1,0.03505647685,0.7090448484,0.03707395367,0.03137112387,0.0295458965,0.05392869129,0.03319156512,0.03994236788,0.03080926229,1.0,,2018Q1,1.0,2017,1
123,94,US-CMW,DBF,31.6637,-110.1777,1199.0,2017-12-01,2018-3-1,0.04153693655,0.409621614,0.04515844392,0.02559443746,0.05414210828,0.2828504194,0.02919822644,0.08447891859,0.0273795874,2.758654877,,2018Q1,3.0,2017,1
300,277,US-Rpf,DBF,65.1198,-147.429,497.0,2017-12-01,2018-3-1,0.04537073211,0.03043885414,0.0324160546,0.03683236014,0.03301005727,0.02843503407,0.04550944878,0.07121099535,0.6767384813,8.0,,2018Q1,8.0,2017,1
377,316,US-Tw5,WET,38.1072,-121.6426,-5.0,2017-12-01,2018-3-1,0.0395118087,0.09364329824,0.1207856553,0.1923124595,0.06309099327,0.33406177,0.0437666081,0.07869084111,0.03409477152,4.620358614,,2018Q1,5.0,2017,1
368,312,US-Tw1,WET,38.1074,-121.6469,-5.0,2017-12-01,2018-3-1,0.05094441739,0.1558837274,0.1600417477,0.1507717143,0.08696786993,0.2213869425,0.04018905448,0.08878013435,0.04499136583,3.086315789,,2018Q1,3.0,2017,1
145,99,US-CS2,ENF,44.1467,-89.5002,328.0,2017-12-01,2018-3-1,0.0378057358,0.7000349665,0.03799178758,0.04176080906,0.03593871984,0.0346036771,0.02777380206,0.03347838973,0.0505763486,1.030504965,2018-09-01 0:00:00,2018Q1,1.0,2017,1
32,81,US-BZF,WET,64.7013,-148.3121,95.0,2017-12-01,2018-3-1,0.04227887583,0.02405093764,0.02703864399,0.02750464372,0.0298565122,0.02024339185,0.03727573057,0.09774744663,0.6939682904,8.0,,2018Q1,8.0,2017,1
18,72,US-Bi1,CRO,38.0992,-121.4993,-2.7,2017-12-01,2018-3-1,0.03936127884,0.08642315394,0.2369315744,0.03590743158,0.4058832247,0.09575039112,0.03431803543,0.03308787685,0.03229746509,3.139734631,,2018Q1,3.0,2017,1
170,121,US-EML,OSH,63.8784,-149.2536,700.0,2018-03-02,2018-5-31,0.05225431539,0.02985941198,0.03586316484,0.03555492352,0.03214020216,0.01972030301,0.03036424836,0.1188626559,0.6453440175,8.0,,2018Q2,8.0,2018,2
133,99,US-CS2,ENF,44.1467,-89.5002,328.0,2018-03-02,2018-5-31,0.03790847695,0.6668847089,0.0428969305,0.04732653168,0.036940483,0.03930528166,0.02952069923,0.03491940702,0.06426109208,1.056316858,,2018Q2,1.0,2018,2
79,84,US-BZS,ENF,64.6963,-148.3235,100.0,2018-03-02,2018-5-31,0.0419548305,0.1148775856,0.04968823311,0.03840376325,0.02755322966,0.0761501572,0.03036043948,0.06264119553,0.5583334844,6.747086267,,2018Q2,7.0,2018,2
113,94,US-CMW,DBF,31.6637,-110.1777,1199.0,2018-03-02,2018-5-31,0.03256898217,0.262339017,0.05045820806,0.02665677315,0.0686456175,0.4118103344,0.02502942677,0.09649159563,0.0259605573,3.709519982,,2018Q2,4.0,2018,2
193,148,US-ICh,OSH,68.6068,-149.2958,940.0,2018-03-02,2018-5-31,0.048366197,0.02657451205,0.0310750672,0.030620991,0.03093894793,0.019036546,0.0340156525,0.1079943457,0.6713415388,8.0,,2018Q2,8.0,2018,2
46,81,US-BZF,WET,64.7013,-148.3121,95.0,2018-03-02,2018-5-31,0.09181040825,0.04087189174,0.03500548573,0.1325119227,0.04701800878,0.05070697771,0.03686620609,0.09919679499,0.4659738107,6.367646812,,2018Q2,6.0,2018,2
64,83,US-BZo,WET,64.6936,-148.33,100.0,2018-03-02,2018-5-31,0.05136707921,0.07280677714,0.05697784532,0.0406770556,0.02849819495,0.09767336393,0.03354978734,0.07673878405,0.5416740731,7.107422193,,2018Q2,7.0,2018,2
233,183,US-LL1,SAV,31.2792,-84.5329,165.0,2018-03-02,2018-5-31,0.03160530394,0.7141324543,0.0385276062,0.02683563284,0.03042747636,0.05591777741,0.03489508499,0.03648934711,0.03113339017,1.0,,2018Q2,1.0,2018,2
379,316,US-Tw5,WET,38.1072,-121.6426,-5.0,2018-03-02,2018-5-31,0.04361064565,0.09699515964,0.1946935586,0.1440897949,0.1043435791,0.2667491129,0.03870118869,0.07221413724,0.03856067084,4.116336595,,2018Q2,4.0,2018,2
13,72,US-Bi1,CRO,38.0992,-121.4993,-2.7,2018-03-02,2018-5-31,0.03469117536,0.03652451955,0.3533384911,0.04238177248,0.3927317106,0.03997906362,0.03738229288,0.02666865941,0.0362637967,3.154852941,,2018Q2,3.0,2018,2
220,149,US-ICs,WET,68.6058,-149.311,920.0,2018-03-02,2018-5-31,0.04827948977,0.02655574982,0.0310210572,0.03033919755,0.03092834595,0.01881505347,0.03398919688,0.1070821456,0.6729533964,8.0,,2018Q2,8.0,2018,2
339,290,US-Snf,GRA,38.0402,-121.7272,-4.0,2018-03-02,2018-5-31,0.03053690648,0.05524323226,0.4232102945,0.05283618555,0.2211694041,0.08030036957,0.06685350284,0.03300383526,0.03680598986,2.215380642,,2018Q2,2.0,2018,2
302,277,US-Rpf,DBF,65.1198,-147.429,497.0,2018-03-02,2018-5-31,0.04626387768,0.04501958576,0.0534197982,0.03102944178,0.03319194176,0.04589825699,0.03362792325,0.101342053,0.6101703045,7.584981787,,2018Q2,8.0,2018,2
365,312,US-Tw1,WET,38.1074,-121.6469,-5.0,2018-03-02,2018-5-31,0.04353323511,0.09596712153,0.2306861578,0.09362834586,0.2046765813,0.1922735212,0.03546351428,0.05901396377,0.04471461215,3.030568885,,2018Q2,3.0,2018,2
331,289,US-Sne,GRA,38.0369,-121.7547,-5.0,2018-03-02,2018-5-31,0.219062052,0.183405151,0.04623194319,0.3568860437,0.03947563687,0.05489302835,0.03762761384,0.03411139418,0.02826699491,1.798358183,,2018Q2,2.0,2018,2
376,316,US-Tw5,WET,38.1072,-121.6426,-5.0,2018-06-01,2018-8-31,0.03940096473,0.2849828619,0.08479061752,0.2656591139,0.1008879789,0.1039237743,0.0382777048,0.04044279602,0.04159281065,2.082478477,,2018Q3,2.0,2018,3
47,81,US-BZF,WET,64.7013,-148.3121,95.0,2018-06-01,2018-8-31,0.09400380968,0.2063340883,0.1319578636,0.2668803335,0.04770695768,0.1397792263,0.04361671377,0.03794769738,0.03173150793,2.190490601,,2018Q3,2.0,2018,3
340,290,US-Snf,GRA,38.0402,-121.7272,-4.0,2018-06-01,2018-8-31,0.03109122878,0.04375401117,0.2047432315,0.04536541403,0.3341180388,0.1149007681,0.08644082355,0.0910435122,0.04850149088,3.770345796,,2018Q3,4.0,2018,3
132,99,US-CS2,ENF,44.1467,-89.5002,328.0,2018-06-01,2018-8-31,0.03768431443,0.7392125438,0.03219480049,0.03518313688,0.03475481792,0.02904723535,0.02570928722,0.0317753693,0.03440346994,1.0,,2018Q3,1.0,2018,3
122,94,US-CMW,DBF,31.6637,-110.1777,1199.0,2018-06-01,2018-8-31,0.03527173994,0.5689958984,0.04605905919,0.03389699528,0.07049013177,0.1460787906,0.03730112671,0.02938393768,0.03248394195,1.00055722,,2018Q3,1.0,2018,3
211,149,US-ICs,WET,68.6058,-149.311,920.0,2018-06-01,2018-8-31,0.04311258968,0.1728375284,0.1076398641,0.04772166349,0.03868428643,0.2211335529,0.0345973584,0.1027422159,0.2314910102,4.746213209,,2018Q3,5.0,2018,3
185,148,US-ICh,OSH,68.6068,-149.2958,940.0,2018-06-01,2018-8-31,0.04092737879,0.0734515237,0.2035362071,0.04210484429,0.0331271659,0.1843481593,0.03424970588,0.09738957578,0.2908265586,5.18378176,,2018Q3,5.0,2018,3
70,84,US-BZS,ENF,64.6963,-148.3235,100.0,2018-06-01,2018-8-31,0.0381951307,0.6091031662,0.09603507126,0.03502021664,0.03088707297,0.08955364071,0.02947374178,0.03702341984,0.03467076676,1.044176109,,2018Q3,1.0,2018,3
235,183,US-LL1,SAV,31.2792,-84.5329,165.0,2018-06-01,2018-8-31,0.03346181215,0.7181821273,0.04301293546,0.03005049432,0.03018114286,0.04960728811,0.02988261738,0.03428334086,0.03130238815,1.0,,2018Q3,1.0,2018,3
289,277,US-Rpf,DBF,65.1198,-147.429,497.0,2018-06-01,2018-8-31,0.03120596998,0.6564641734,0.0730369958,0.02665240146,0.0380319655,0.07643494372,0.02921391322,0.03570019609,0.03322223276,1.0,,2018Q3,1.0,2018,3
24,72,US-Bi1,CRO,38.0992,-121.4993,-2.7,2018-06-01,2018-8-31,0.04750393004,0.06092648192,0.2360522435,0.03083232095,0.4097467874,0.0467100376,0.04005484022,0.06141892237,0.06671469389,3.865474071,,2018Q3,4.0,2018,3
355,312,US-Tw1,WET,38.1074,-121.6469,-5.0,2018-06-01,2018-8-31,0.02839088191,0.4359398068,0.07363009089,0.06672268192,0.1294071891,0.1250229868,0.04525307597,0.0474593922,0.04813342735,1.624077012,,2018Q3,2.0,2018,3
157,121,US-EML,OSH,63.8784,-149.2536,700.0,2018-06-01,2018-8-31,0.02680264275,0.08809079718,0.5134257798,0.03917717612,0.03162045206,0.1919391357,0.03834002416,0.03888743079,0.03167752467,2.0,,2018Q3,2.0,2018,3
321,289,US-Sne,GRA,38.0369,-121.7547,-5.0,2018-06-01,2018-8-31,0.1129972924,0.1101352842,0.08718546741,0.395486348,0.07682021176,0.06423871429,0.04161270367,0.05335897967,0.05812387306,2.957719847,,2018Q3,3.0,2018,3
57,83,US-BZo,WET,64.6936,-148.33,100.0,2018-06-01,2018-8-31,0.04149817679,0.4568694621,0.1430004484,0.04458361674,0.03276118614,0.1805537584,0.03508230837,0.03609420518,0.02951751788,1.623187918,,2018Q3,2.0,2018,3
342,290,US-Snf,GRA,38.0402,-121.7272,-4.0,2018-09-01,2018-11-30,0.03486949784,0.03535562479,0.2816364963,0.03190650329,0.2687236938,0.1231838689,0.07334979411,0.09443629665,0.05649689396,3.223794427,,2018Q4,3.0,2018,4
119,94,US-CMW,DBF,31.6637,-110.1777,1199.0,2018-09-01,2018-11-30,0.03438176979,0.6041324717,0.03891239306,0.02453760945,0.03591086613,0.1417164109,0.03738836157,0.04583301997,0.03714984187,1.191969941,,2018Q4,1.0,2018,4
9,72,US-Bi1,CRO,38.0992,-121.4993,-2.7,2018-09-01,2018-11-30,0.03254414924,0.08225134388,0.2971473745,0.03695885179,0.3633193056,0.05677804736,0.04236097929,0.04742360002,0.04117650124,3.127130269,,2018Q4,3.0,2018,4
167,121,US-EML,OSH,63.8784,-149.2536,700.0,2018-09-01,2018-11-30,0.05077386048,0.04492268435,0.1478121567,0.05979452668,0.05828847373,0.1887281685,0.04680166387,0.1788763022,0.2239615622,6.228144879,,2018Q4,6.0,2018,4
310,277,US-Rpf,DBF,65.1198,-147.429,497.0,2018-09-01,2018-11-30,0.05562036099,0.2547496417,0.09041633971,0.03950765196,0.0357964074,0.1891163922,0.0299174194,0.08899861071,0.2158372158,4.692556691,,2018Q4,5.0,2018,4
241,183,US-LL1,SAV,31.2792,-84.5329,165.0,2018-09-01,2018-11-30,0.03470251939,0.7030143436,0.03836209704,0.03259204213,0.02992002244,0.0575821814,0.03156568642,0.04164899201,0.03057628482,1.0,,2018Q4,1.0,2018,4
320,289,US-Sne,GRA,38.0369,-121.7547,-5.0,2018-09-01,2018-11-30,0.1108499442,0.1354107464,0.05536591024,0.4440864634,0.04398314795,0.06782824481,0.03660062706,0.04209987637,0.06373629936,2.750121406,,2018Q4,3.0,2018,4
89,84,US-BZS,ENF,64.6963,-148.3235,100.0,2018-09-01,2018-11-30,0.07385916026,0.4386336038,0.1026582821,0.04281609307,0.0386250927,0.1568798174,0.03770355797,0.06454450584,0.0442396183,1.698481664,,2018Q4,2.0,2018,4
224,149,US-ICs,WET,68.6058,-149.311,920.0,2018-09-01,2018-11-30,0.1106434765,0.04744619553,0.08093025306,0.0636581074,0.05809313786,0.1184329395,0.03320977105,0.1760280888,0.3115178151,6.321632852,,2018Q4,6.0,2018,4
190,148,US-ICh,OSH,68.6068,-149.2958,940.0,2018-09-01,2018-11-30,0.04700013468,0.0356345393,0.08714829403,0.03823457641,0.05674160239,0.1161915335,0.04103104441,0.139878355,0.4381015101,6.877424725,,2018Q4,7.0,2018,4
383,316,US-Tw5,WET,38.1072,-121.6426,-5.0,2018-09-01,2018-11-30,0.07104152501,0.1946849035,0.09311590317,0.2586442573,0.1036766473,0.1449788741,0.04250686782,0.05769463628,0.03361445261,2.254386195,,2018Q4,2.0,2018,4
44,81,US-BZF,WET,64.7013,-148.3121,95.0,2018-09-01,2018-11-30,0.06802780876,0.132714093,0.06265777206,0.1474173304,0.06733750438,0.230454365,0.04475574156,0.1553807647,0.09121227008,5.186933643,,2018Q4,5.0,2018,4
374,312,US-Tw1,WET,38.1074,-121.6469,-5.0,2018-09-01,2018-11-30,0.0673260632,0.4397480673,0.05671798358,0.06888719464,0.1089297128,0.1260399059,0.04163729308,0.05434255988,0.03633106692,0.9555584663,,2018Q4,1.0,2018,4
65,83,US-BZo,WET,64.6936,-148.33,100.0,2018-09-01,2018-11-30,0.05959691454,0.2111905272,0.1531732456,0.05058869495,0.0429884471,0.2913260641,0.0516511681,0.09099301053,0.04845015452,3.645099952,,2018Q4,4.0,2018,4
134,99,US-CS2,ENF,44.1467,-89.5002,328.0,2018-09-01,2018-11-30,0.03809523687,0.7344097922,0.03225829594,0.03712370339,0.03269455839,0.03340504862,0.02571406581,0.03346606767,0.03279782802,1.0,,2018Q4,1.0,2018,4
17,72,US-Bi1,CRO,38.0992,-121.4993,-2.7,2018-12-01,2019-3-1,0.03873359234,0.146588089,0.2153138425,0.03814398936,0.2554554329,0.09454894096,0.04254791434,0.05802785179,0.1106001266,3.504051305,,2019Q1,4.0,2018,1
296,277,US-Rpf,DBF,65.1198,-147.429,497.0,2018-12-01,2019-3-1,0.04209512583,0.02785667232,0.03061687586,0.03308438953,0.03265295462,0.02748884558,0.0431705671,0.07169336172,0.6913037321,8.0,,2019Q1,8.0,2018,1
239,183,US-LL1,SAV,31.2792,-84.5329,165.0,2018-12-01,2019-3-1,0.03416689682,0.6746134222,0.04117259054,0.03218940594,0.02971157289,0.07844663459,0.03382232609,0.0460637419,0.02977648121,1.0,,2019Q1,1.0,2018,1
53,83,US-BZo,WET,64.6936,-148.33,100.0,2018-12-01,2019-3-1,0.03425235461,0.02485842316,0.02712283426,0.02664273255,0.02846445872,0.02248617013,0.03634164839,0.07058161771,0.7292151324,8.0,,2019Q1,8.0,2018,1
382,316,US-Tw5,WET,38.1072,-121.6426,-5.0,2018-12-01,2019-3-1,0.05855739214,0.09546947514,0.1477951425,0.1487957381,0.1457364147,0.2143522186,0.0456211063,0.0926254984,0.05100364064,3.8348353,,2019Q1,4.0,2018,1
223,149,US-ICs,WET,68.6058,-149.311,920.0,2018-12-01,2019-3-1,0.06591917057,0.0317201207,0.03794538843,0.04095556025,0.02891651104,0.02783714122,0.03284975196,0.08248932552,0.6513302779,8.0,,2019Q1,8.0,2018,1
93,87,US-CdM,WSA,37.5241,-109.7471,1860.0,2018-12-01,2019-3-1,0.02901070727,0.1172887591,0.03481530838,0.02848879006,0.03928482399,0.557853396,0.03686053957,0.1125071122,0.04385170539,5.0,,2019Q1,5.0,2018,1
76,84,US-BZS,ENF,64.6963,-148.3235,100.0,2018-12-01,2019-3-1,0.04020027921,0.03474329728,0.03020190126,0.03430220991,0.02953719802,0.02748360525,0.03665292508,0.05381967905,0.7130229022,8.0,,2019Q1,8.0,2018,1
369,312,US-Tw1,WET,38.1074,-121.6469,-5.0,2018-12-01,2019-3-1,0.05341085944,0.1639439732,0.1297308657,0.06747880717,0.2239155258,0.1918785908,0.04247272894,0.08412081222,0.04300543587,3.336150671,,2019Q1,3.0,2018,1
344,290,US-Snf,GRA,38.0402,-121.7272,-4.0,2018-12-01,2019-3-1,0.04479521968,0.0632565166,0.2626283971,0.07622991793,0.2372613786,0.09189925777,0.06900096824,0.0656437006,0.0892429082,3.737987516,,2019Q1,4.0,2018,1
143,99,US-CS2,ENF,44.1467,-89.5002,328.0,2018-12-01,2019-3-1,0.05892268329,0.6297820697,0.04078857279,0.05656000872,0.05826862833,0.01994572729,0.03951251551,0.03343004499,0.06275237342,1.0,,2019Q1,1.0,2018,1
326,289,US-Sne,GRA,38.0369,-121.7547,-5.0,2018-12-01,2019-3-1,0.1571159087,0.2658990063,0.044735834,0.1906046684,0.0514315935,0.08151655397,0.04517344575,0.08571996177,0.07776204635,2.480156639,,2019Q1,2.0,2018,1
33,81,US-BZF,WET,64.7013,-148.3121,95.0,2018-12-01,2019-3-1,0.04250285944,0.02424249803,0.02772827103,0.0287265767,0.03105834336,0.02132119693,0.04095019229,0.1055181288,0.677916591,8.0,,2019Q1,8.0,2018,1
126,94,US-CMW,DBF,31.6637,-110.1777,1199.0,2018-12-01,2019-3-1,0.05047549056,0.3878093322,0.05357003569,0.02774599657,0.06328166677,0.2635551067,0.03158138279,0.09153445434,0.0304049213,2.883708467,,2019Q1,3.0,2018,1
198,148,US-ICh,OSH,68.6068,-149.2958,940.0,2018-12-01,2019-3-1,0.05494112251,0.0273207664,0.03233693129,0.03345484121,0.03051797524,0.02337552478,0.03520538627,0.08888872103,0.6739226508,8.0,,2019Q1,8.0,2018,1
169,121,US-EML,OSH,63.8784,-149.2536,700.0,2018-12-01,2019-3-1,0.05185891106,0.0273175385,0.03171790469,0.03206934681,0.03084058228,0.02122385272,0.03386087114,0.0944710079,0.6766036168,8.0,,2019Q1,8.0,2018,1
238,183,US-LL1,SAV,31.2792,-84.5329,165.0,2019-03-02,2019-5-31,0.03413992305,0.461620727,0.06113518385,0.03251355123,0.0369793178,0.232349722,0.05090861302,0.05185149656,0.03846267403,1.909985132,,2019Q2,2.0,2019,2
298,277,US-Rpf,DBF,65.1198,-147.429,497.0,2019-03-02,2019-5-31,0.04360563403,0.08566389548,0.04513022875,0.03243752805,0.03576158464,0.05394610221,0.03287545349,0.07517185073,0.5953714181,7.285714286,,2019Q2,7.0,2019,2
58,83,US-BZo,WET,64.6936,-148.33,100.0,2019-03-02,2019-5-31,0.04201805321,0.151183678,0.1036520226,0.04393550794,0.02798410721,0.247232747,0.03506876612,0.05385532805,0.295031514,5.76110882,,2019Q2,6.0,2019,2
189,148,US-ICh,OSH,68.6068,-149.2958,940.0,2019-03-02,2019-5-31,0.04663094694,0.0264916132,0.03871388682,0.04516985952,0.03141408908,0.03614018242,0.03705796401,0.109068032,0.6292767781,7.700353623,,2019Q2,8.0,2019,2
37,81,US-BZF,WET,64.7013,-148.3121,95.0,2019-03-02,2019-5-31,0.04465053018,0.03162382909,0.08205862588,0.08785983039,0.04508767084,0.2064222733,0.03733588804,0.2373883852,0.2275327624,6.683642455,,2019Q2,7.0,2019,2
85,84,US-BZS,ENF,64.6963,-148.3235,100.0,2019-03-02,2019-5-31,0.04762457284,0.2385855108,0.08876486819,0.04732415147,0.02719001865,0.1720952164,0.02815037489,0.05325679815,0.2969698357,4.893724441,,2019Q2,5.0,2019,2
130,99,US-CS2,ENF,44.1467,-89.5002,328.0,2019-03-02,2019-5-31,0.03525315091,0.7335757749,0.03508990433,0.03534194985,0.03136329935,0.03696191527,0.02728962644,0.03325432717,0.03183489012,1.0,,2019Q2,1.0,2019,2
380,316,US-Tw5,WET,38.1072,-121.6426,-5.0,2019-03-02,2019-5-31,0.04854929058,0.1405001068,0.2012308068,0.09556071217,0.1024528128,0.2475664561,0.03705695866,0.08275946957,0.04428102908,3.355942832,,2019Q2,3.0,2019,2
14,72,US-Bi1,CRO,38.0992,-121.4993,-2.7,2019-03-02,2019-5-31,0.03600387788,0.05198186128,0.3438882999,0.04107129476,0.3507775623,0.0585396872,0.04137187742,0.03774672738,0.03857962112,2.961408669,,2019Q2,3.0,2019,2
338,290,US-Snf,GRA,38.0402,-121.7272,-4.0,2019-03-02,2019-5-31,0.03047544639,0.0594115181,0.4279253235,0.05920612916,0.2022095939,0.08127228711,0.07089009426,0.03454527795,0.03402338791,2.150774713,,2019Q2,2.0,2019,2
217,149,US-ICs,WET,68.6058,-149.311,920.0,2019-03-02,2019-5-31,0.04657325036,0.02951452988,0.03493641102,0.03618340599,0.0309816176,0.04227074245,0.03446393506,0.1108696738,0.6341698344,7.804587009,,2019Q2,8.0,2019,2
362,312,US-Tw1,WET,38.1074,-121.6469,-5.0,2019-03-02,2019-5-31,0.04079489622,0.1740830408,0.1776815819,0.05146067454,0.1635367381,0.252279263,0.03501333494,0.06032540317,0.04478270801,3.600871296,,2019Q2,4.0,2019,2
161,121,US-EML,OSH,63.8784,-149.2536,700.0,2019-03-02,2019-5-31,0.03671690825,0.03877470808,0.2003576312,0.08932838918,0.04609616332,0.2545110009,0.05004745775,0.1606667271,0.123459403,4.921589682,,2019Q2,5.0,2019,2
118,94,US-CMW,DBF,31.6637,-110.1777,1199.0,2019-03-02,2019-5-31,0.03345796148,0.2883764982,0.05483278411,0.0252244053,0.06406919527,0.3938810292,0.02489379103,0.08838177506,0.02684343372,3.7328023,,2019Q2,4.0,2019,2
329,289,US-Sne,GRA,38.0369,-121.7547,-5.0,2019-03-02,2019-5-31,0.1743254099,0.1418112504,0.04629284321,0.4451060853,0.04136821309,0.05576007746,0.03808210626,0.03037416953,0.02684013508,2.246434463,,2019Q2,2.0,2019,2
95,87,US-CdM,WSA,37.5241,-109.7471,1860.0,2019-03-02,2019-5-31,0.03280114047,0.0536756877,0.04971672233,0.02693490885,0.1023294442,0.4103373136,0.03684931893,0.2514919364,0.03582309366,5.124198918,,2019Q2,5.0,2019,2
356,312,US-Tw1,WET,38.1074,-121.6469,-5.0,2019-06-01,2019-8-31,0.02885145418,0.3427190106,0.07268411213,0.04380518066,0.1748761323,0.2226035974,0.03656348348,0.03753461792,0.04032192035,2.653162023,,2019Q3,3.0,2019,3
40,81,US-BZF,WET,64.7013,-148.3121,95.0,2019-06-01,2019-8-31,0.04942172953,0.09211494122,0.2572793972,0.08813677177,0.05131980455,0.279673884,0.04085868354,0.09259776466,0.04855547299,3.725656219,,2019Q3,4.0,2019,3
99,87,US-CdM,WSA,37.5241,-109.7471,1860.0,2019-06-01,2019-8-31,0.03476302184,0.02820528362,0.06124520346,0.02528853793,0.1559862899,0.3589540549,0.0349808903,0.2671780995,0.03335844593,5.168942231,,2019Q3,5.0,2019,3
105,94,US-CMW,DBF,31.6637,-110.1777,1199.0,2019-06-01,2019-8-31,0.02703087094,0.636399591,0.04000819463,0.02721693149,0.05514208032,0.1235175807,0.03013184873,0.03008434155,0.03043127332,1.0,,2019Q3,1.0,2019,3
159,121,US-EML,OSH,63.8784,-149.2536,700.0,2019-06-01,2019-8-31,0.02931246674,0.1086248937,0.4939676673,0.03898184616,0.0357630489,0.1735186024,0.03358141863,0.05249796768,0.03371266093,2.0,,2019Q3,2.0,2019,3
335,290,US-Snf,GRA,38.0402,-121.7272,-4.0,2019-06-01,2019-8-31,0.02645814487,0.08610345504,0.2739873267,0.03592507275,0.2443088767,0.1423052218,0.08971283979,0.06164417685,0.03951366218,2.920301622,,2019Q3,3.0,2019,3
375,316,US-Tw5,WET,38.1072,-121.6426,-5.0,2019-06-01,2019-8-31,0.03792859041,0.2724541057,0.09717086832,0.1268151699,0.1189844794,0.2100367758,0.04080489486,0.04625366804,0.04950912071,2.728548866,,2019Q3,3.0,2019,3
4,72,US-Bi1,CRO,38.0992,-121.4993,-2.7,2019-06-01,2019-8-31,0.03110266617,0.1050348215,0.2728001487,0.03386274436,0.3781652885,0.04736077644,0.04324800647,0.04608883399,0.04229715499,3.141624355,,2019Q3,3.0,2019,3
131,99,US-CS2,ENF,44.1467,-89.5002,328.0,2019-06-01,2019-8-31,0.03744937814,0.7360906137,0.03338333492,0.0343885724,0.03387255784,0.03035744032,0.02716659376,0.03286292858,0.03439408149,1.0,,2019Q3,1.0,2019,3
231,183,US-LL1,SAV,31.2792,-84.5329,165.0,2019-06-01,2019-8-31,0.03061666434,0.6132056507,0.04455291724,0.02909107693,0.04552326188,0.1329258287,0.03966900605,0.03283579084,0.03154281951,1.057261725,,2019Q3,1.0,2019,3
56,83,US-BZo,WET,64.6936,-148.33,100.0,2019-06-01,2019-8-31,0.03731467285,0.3933197784,0.1771423152,0.03996048894,0.02666649466,0.2149108205,0.0318273724,0.04828157785,0.03053714926,2.028337298,,2019Q3,2.0,2019,3
311,277,US-Rpf,DBF,65.1198,-147.429,497.0,2019-06-01,2019-8-31,0.09139068412,0.4808736596,0.08854618687,0.03451015726,0.0388079008,0.08720235221,0.0386690738,0.07311489751,0.0668464296,0.911920596,,2019Q3,1.0,2019,3
316,289,US-Sne,GRA,38.0369,-121.7547,-5.0,2019-06-01,2019-8-31,0.07851280934,0.0755134577,0.0605697509,0.5753933227,0.05218141316,0.06197196118,0.03626686902,0.03053056822,0.02902116376,2.989558794,,2019Q3,3.0,2019,3
69,84,US-BZS,ENF,64.6963,-148.3235,100.0,2019-06-01,2019-8-31,0.03743957182,0.6019434716,0.0936540186,0.03932132171,0.02513098042,0.1006771533,0.02532077566,0.04105668567,0.03541829102,1.035464833,,2019Q3,1.0,2019,3
205,149,US-ICs,WET,68.6058,-149.311,920.0,2019-06-01,2019-8-31,0.03257914306,0.1100940991,0.2704630312,0.05525860791,0.03567264699,0.3424517344,0.03264794341,0.09076790869,0.03002434027,3.933039559,,2019Q3,4.0,2019,3
180,148,US-ICh,OSH,68.6068,-149.2958,940.0,2019-06-01,2019-8-31,0.03157975772,0.06606562287,0.4309087012,0.04335800836,0.03417830274,0.2465152774,0.04050647446,0.07434730648,0.03250060628,2.462995714,,2019Q3,2.0,2019,3
45,81,US-BZF,WET,64.7013,-148.3121,95.0,2019-09-01,2019-11-30,0.06803078557,0.0873502908,0.06760264589,0.09238557546,0.03502411851,0.1922442534,0.03614139445,0.1473268163,0.2738539605,6.210489484,,2019Q4,6.0,2019,4
319,289,US-Sne,GRA,38.0369,-121.7547,-5.0,2019-09-01,2019-11-30,0.1081451855,0.2493450754,0.05079165337,0.3900969567,0.05912321452,0.047527353,0.03770725792,0.02974818003,0.02747516633,2.355258671,,2019Q4,2.0,2019,4
305,277,US-Rpf,DBF,65.1198,-147.429,497.0,2019-09-01,2019-11-30,0.04691236508,0.1446397536,0.0820852031,0.04128835721,0.03774730441,0.1857684163,0.03043837092,0.09988206146,0.3311996571,5.955197524,,2019Q4,6.0,2019,4
63,83,US-BZo,WET,64.6936,-148.33,100.0,2019-09-01,2019-11-30,0.04994066772,0.1419110273,0.1151326732,0.04506610984,0.03353081706,0.1998127007,0.03704471922,0.07886758034,0.2986543739,5.378788134,,2019Q4,5.0,2019,4
361,312,US-Tw1,WET,38.1074,-121.6469,-5.0,2019-09-01,2019-11-30,0.03850693496,0.3230874416,0.07501225373,0.06738748418,0.2364181122,0.1541467802,0.03700125564,0.03450202308,0.03389689546,2.312412479,,2019Q4,2.0,2019,4
191,148,US-ICh,OSH,68.6068,-149.2958,940.0,2019-09-01,2019-11-30,0.04791712276,0.02922763214,0.08200226612,0.03619222749,0.03571024791,0.1097292442,0.03860686423,0.1376220213,0.482954343,7.082351675,,2019Q4,7.0,2019,4
137,99,US-CS2,ENF,44.1467,-89.5002,328.0,2019-09-01,2019-11-30,0.03924428814,0.7320480406,0.03262917857,0.03814962584,0.03218864714,0.03246063334,0.02646278337,0.03375094661,0.03303063777,1.0,,2019Q4,1.0,2019,4
88,84,US-BZS,ENF,64.6963,-148.3235,100.0,2019-09-01,2019-11-30,0.0661239155,0.2219204457,0.08814019309,0.04809097557,0.0326073277,0.122100244,0.03460282182,0.06511160608,0.3212632099,4.831450826,,2019Q4,5.0,2019,4
216,149,US-ICs,WET,68.6058,-149.311,920.0,2019-09-01,2019-11-30,0.04644950051,0.03568575466,0.1013122612,0.03948959427,0.03198235369,0.116058459,0.03116837115,0.1138184842,0.4839978688,7.013061233,,2019Q4,7.0,2019,4
378,316,US-Tw5,WET,38.1072,-121.6426,-5.0,2019-09-01,2019-11-30,0.04115571331,0.2449327931,0.06036084996,0.2809098872,0.09650518561,0.1610066122,0.03875456891,0.0358430729,0.04048973658,2.138759788,,2019Q4,2.0,2019,4
336,290,US-Snf,GRA,38.0402,-121.7272,-4.0,2019-09-01,2019-11-30,0.02672264118,0.03675950074,0.3734477933,0.03098894871,0.2340132812,0.113310527,0.07467810287,0.07142782057,0.03861073555,2.44240185,,2019Q4,2.0,2019,4
3,72,US-Bi1,CRO,38.0992,-121.4993,-2.7,2019-09-01,2019-11-30,0.02999308292,0.06282355824,0.3364611843,0.0388524813,0.3834155375,0.04046834501,0.04060890486,0.02599412498,0.04134447774,3.187387473,,2019Q4,3.0,2019,4
240,183,US-LL1,SAV,31.2792,-84.5329,165.0,2019-09-01,2019-11-30,0.0344728563,0.717863239,0.03678472475,0.03261843724,0.02922566733,0.04954331897,0.03148405426,0.03738414617,0.03058788569,1.0,,2019Q4,1.0,2019,4
98,87,US-CdM,WSA,37.5241,-109.7471,1860.0,2019-09-01,2019-11-30,0.03436739251,0.05100499154,0.05125172132,0.0248559954,0.1627283113,0.4133599309,0.03927882948,0.1900561301,0.03305630728,5.002723868,,2019Q4,5.0,2019,4
112,94,US-CMW,DBF,31.6637,-110.1777,1199.0,2019-09-01,2019-11-30,0.03218941229,0.6625495045,0.03501361934,0.02404441902,0.03945573379,0.1052589859,0.03342200533,0.03934166975,0.02868836889,1.0,,2019Q4,1.0,2019,4
171,121,US-EML,OSH,63.8784,-149.2536,700.0,2019-09-01,2019-11-30,0.05729719765,0.04667767907,0.2039227294,0.08150228174,0.05968897674,0.2630966862,0.05455859727,0.2070044866,0.02620926535,5.0,,2019Q4,5.0,2019,4
381,316,US-Tw5,WET,38.1072,-121.6426,-5.0,2019-12-01,2020-3-1,0.05723690996,0.1110770801,0.16652147,0.1256971083,0.112426903,0.249937458,0.04685371249,0.08964357195,0.04056217536,3.970651265,,2020Q1,4.0,2019,1
312,277,US-Rpf,DBF,65.1198,-147.429,497.0,2019-12-01,2020-3-1,0.04223717367,0.2680967265,0.04813890856,0.03237869049,0.03438120337,0.07043915276,0.03195369863,0.07497623372,0.3973611123,5.470693018,2020-09-01 0:00:00,2020Q1,5.0,2019,1
104,87,US-CdM,WSA,37.5241,-109.7471,1860.0,2019-12-01,2020-3-1,0.04044066157,0.02697626865,0.02841246032,0.03303358021,0.03258919291,0.02663292584,0.0352330181,0.07364440311,0.703001683,8.0,,2020Q1,8.0,2019,1
128,94,US-CMW,DBF,31.6637,-110.1777,1199.0,2019-12-01,2020-3-1,0.05514323059,0.3986862898,0.05101518735,0.02902286115,0.0655839437,0.2359947965,0.03654330711,0.09570678522,0.03226327673,1.615770513,,2020Q1,2.0,2019,1
142,99,US-CS2,ENF,44.1467,-89.5002,328.0,2019-12-01,2020-3-1,0.05797248784,0.6401048283,0.04632728344,0.06496041469,0.05229251778,0.02322978954,0.03521266048,0.03407453077,0.04578749073,1.0,,2020Q1,1.0,2019,1
28,81,US-BZF,WET,64.7013,-148.3121,95.0,2019-12-01,2020-3-1,0.03810771638,0.02274369712,0.02681555578,0.02819112863,0.03072533874,0.02314312316,0.04564585172,0.1111526167,0.673438302,8.0,,2020Q1,8.0,2019,1
367,312,US-Tw1,WET,38.1074,-121.6469,-5.0,2019-12-01,2020-3-1,0.05056586593,0.1437126392,0.167574278,0.09450984699,0.139514682,0.2364967608,0.03620842606,0.09392019007,0.03745483149,3.327674923,,2020Q1,3.0,2019,1
151,101,US-CS4,CRO,44.1597,-89.5475,328.0,2019-12-01,2020-3-1,0.0521655213,0.03051371207,0.03573899884,0.03543834751,0.03201512149,0.01945032406,0.02978935519,0.1165113884,0.6483402839,8.0,,2020Q1,8.0,2019,1
16,72,US-Bi1,CRO,38.0992,-121.4993,-2.7,2019-12-01,2020-3-1,0.03717956441,0.1209399795,0.1823950675,0.03930718726,0.4563795649,0.05002701632,0.03870678826,0.03881634074,0.03620944947,3.431278638,,2020Q1,3.0,2019,1
201,148,US-ICh,OSH,68.6068,-149.2958,940.0,2019-12-01,2020-3-1,0.03918551115,0.05271953783,0.2529845928,0.03811032286,0.03716780493,0.1822290471,0.03689428366,0.1141696425,0.2465000825,4.637544506,2020-09-01 0:00:00,2020Q1,5.0,2019,1
52,83,US-BZo,WET,64.6936,-148.33,100.0,2019-12-01,2020-3-1,0.03340113805,0.02437836349,0.02572558287,0.02612289953,0.02715371023,0.022434316,0.03746496598,0.07086172387,0.7324237565,8.0,,2020Q1,8.0,2019,1
244,183,US-LL1,SAV,31.2792,-84.5329,165.0,2019-12-01,2020-3-1,0.03521611721,0.7030446011,0.03795822165,0.03207388158,0.03074203257,0.05649666823,0.032765824,0.04119271521,0.03047367509,1.0,,2020Q1,1.0,2019,1
345,290,US-Snf,GRA,38.0402,-121.7272,-4.0,2019-12-01,2020-3-1,0.04591460327,0.08948898825,0.2804492366,0.05046407038,0.2653183137,0.1178975224,0.0768949606,0.03859009247,0.0349414037,3.16797335,,2020Q1,3.0,2019,1
227,149,US-ICs,WET,68.6058,-149.311,920.0,2019-12-01,2020-3-1,0.04114130646,0.07201985322,0.1403635647,0.04197317574,0.03791051693,0.2173674979,0.03276265259,0.132621734,0.2838007976,5.902442827,2020-09-01 0:00:00,2020Q1,6.0,2019,1
325,289,US-Sne,GRA,38.0369,-121.7547,-5.0,2019-12-01,2020-3-1,0.1545439425,0.2635307113,0.06046086262,0.2501922058,0.04894011219,0.1085980443,0.03778362611,0.04289042882,0.03301937523,1.797757182,,2020Q1,2.0,2019,1
71,84,US-BZS,ENF,64.6963,-148.3235,100.0,2019-12-01,2020-3-1,0.03833479457,0.03049994749,0.02931812303,0.03233832426,0.02926934884,0.0279776571,0.03976180149,0.06071667603,0.7117468404,8.0,,2020Q1,8.0,2019,1
174,121,US-EML,OSH,63.8784,-149.2536,700.0,2019-12-01,2020-3-1,0.03360474241,0.08925048798,0.2755537901,0.06436088666,0.0418456032,0.2155364112,0.04148991208,0.08684295923,0.1514745678,3.812412535,2020-09-01 0:00:00,2020Q1,4.0,2019,1
1,72,US-Bi1,CRO,38.0992,-121.4993,-2.7,2020-03-02,2020-5-31,0.02844800713,0.107356269,0.2881531931,0.03745729193,0.3839750002,0.04058101464,0.04406316292,0.02708412445,0.04284369071,2.917156863,,2020Q2,3.0,2020,2
301,277,US-Rpf,DBF,65.1198,-147.429,497.0,2020-03-02,2020-5-31,0.04576863202,0.06426812577,0.05076937347,0.03468378886,0.03514205808,0.07872957989,0.03203255829,0.09191322106,0.5666551002,7.538461538,,2020Q2,8.0,2020,2
101,87,US-CdM,WSA,37.5241,-109.7471,1860.0,2020-03-02,2020-5-31,0.03533758753,0.0295697848,0.064143904,0.02516933583,0.1202573033,0.3825174691,0.03351196496,0.2766080612,0.03284472411,5.15411985,,2020Q2,5.0,2020,2
232,183,US-LL1,SAV,31.2792,-84.5329,165.0,2020-03-02,2020-5-31,0.03129431174,0.7013645378,0.04801156763,0.02755109256,0.03517988106,0.05988717226,0.03322046268,0.03225587354,0.03119905858,1.0,,2020Q2,1.0,2020,2
66,83,US-BZo,WET,64.6936,-148.33,100.0,2020-03-02,2020-5-31,0.09052566329,0.2447627086,0.1014834942,0.06177307386,0.02786860369,0.2337388107,0.03561507134,0.04858156161,0.1556105707,3.818082697,,2020Q2,4.0,2020,2
114,94,US-CMW,DBF,31.6637,-110.1777,1199.0,2020-03-02,2020-5-31,0.03260350868,0.3779686354,0.05129758504,0.02589910208,0.05072333148,0.3464772515,0.02696360136,0.05993213218,0.02809655052,3.651795284,,2020Q2,4.0,2020,2
222,149,US-ICs,WET,68.6058,-149.311,920.0,2020-03-02,2020-5-31,0.05279519678,0.03063835237,0.03633437268,0.03633861566,0.03238173153,0.02008283195,0.03041317166,0.1174742409,0.6435049445,8.0,,2020Q2,8.0,2020,2
337,290,US-Snf,GRA,38.0402,-121.7272,-4.0,2020-03-02,2020-5-31,0.02944130511,0.06261109381,0.3665263826,0.04519119165,0.2490620156,0.08715037235,0.07949056894,0.04567852115,0.03480782933,2.767541724,,2020Q2,3.0,2020,2
160,121,US-EML,OSH,63.8784,-149.2536,700.0,2020-03-02,2020-5-31,0.03515279096,0.03935254267,0.1494834014,0.08842542653,0.04059135466,0.2079286732,0.04685047741,0.1045922473,0.2875823001,5.502823049,,2020Q2,6.0,2020,2
138,99,US-CS2,ENF,44.1467,-89.5002,328.0,2020-03-02,2020-5-31,0.04020070121,0.7047039607,0.04238827601,0.04815586067,0.03652830808,0.02801102525,0.03051248577,0.0317302512,0.0377325964,1.0,,2020Q2,1.0,2020,2
48,81,US-BZF,WET,64.7013,-148.3121,95.0,2020-03-02,2020-5-31,0.4103671925,0.141386794,0.0377478736,0.08000802712,0.02944628512,0.09746387764,0.02756748229,0.0820627631,0.09390904704,0.672988013,,2020Q2,1.0,2020,2
318,289,US-Sne,GRA,38.0369,-121.7547,-5.0,2020-03-02,2020-5-31,0.1075658557,0.1759055218,0.04405033453,0.459476202,0.04702353529,0.0674975844,0.03750777869,0.03269970164,0.0282342183,2.590646719,,2020Q2,3.0,2020,2
147,101,US-CS4,CRO,44.1597,-89.5475,328.0,2020-03-02,2020-5-31,0.04356977576,0.02911214937,0.04111017767,0.02695121507,0.4309114265,0.03202724493,0.02895363422,0.1245478922,0.2427792839,5.333333333,,2020Q2,5.0,2020,2
197,148,US-ICh,OSH,68.6068,-149.2958,940.0,2020-03-02,2020-5-31,0.05260235614,0.03047446488,0.036030577,0.03604915132,0.03235757849,0.01998628969,0.03054039404,0.116012788,0.6459091226,8.0,,2020Q2,8.0,2020,2
82,84,US-BZS,ENF,64.6963,-148.3235,100.0,2020-03-02,2020-5-31,0.0442054723,0.3203332164,0.08692996902,0.04486308231,0.02754007043,0.1945470779,0.02884740246,0.05443618086,0.1982585759,3.966965402,,2020Q2,4.0,2020,2
360,312,US-Tw1,WET,38.1074,-121.6469,-5.0,2020-03-02,2020-5-31,0.03780243565,0.1800516832,0.1985242421,0.04737791132,0.1850884515,0.2198193281,0.03350415302,0.05261235027,0.04517752535,2.977195931,,2020Q2,3.0,2020,2
317,289,US-Sne,GRA,38.0369,-121.7547,-5.0,2020-06-01,2020-8-31,0.09238957413,0.1531145348,0.07680506264,0.3956896151,0.0810778523,0.06855848792,0.05871579665,0.03917878117,0.03442982437,2.698263429,,2020Q3,3.0,2020,3
7,72,US-Bi1,CRO,38.0992,-121.4993,-2.7,2020-06-01,2020-8-31,0.03231413847,0.07280964168,0.2439915946,0.03420300832,0.4027082492,0.05722998923,0.03995903979,0.06928942466,0.04745489724,3.411093911,,2020Q3,3.0,2020,3
354,312,US-Tw1,WET,38.1074,-121.6469,-5.0,2020-06-01,2020-8-31,0.0246509869,0.546169392,0.03686632648,0.03003051835,0.111876115,0.1334361185,0.03793536806,0.03819594306,0.04080048817,1.063368808,,2020Q3,1.0,2020,3
341,290,US-Snf,GRA,38.0402,-121.7272,-4.0,2020-06-01,2020-8-31,0.03243146819,0.03762818833,0.1053824793,0.03099441364,0.4888741283,0.09641746822,0.102587953,0.06404362835,0.04160048184,4.025840564,,2020Q3,4.0,2020,3
97,87,US-CdM,WSA,37.5241,-109.7471,1860.0,2020-06-01,2020-8-31,0.03404695883,0.02524619465,0.0674334795,0.0255025211,0.273056141,0.2640977933,0.03221269228,0.2440200605,0.03434390252,5.163835384,,2020Q3,5.0,2020,3
60,83,US-BZo,WET,64.6936,-148.33,100.0,2020-06-01,2020-8-31,0.04455094656,0.3769647149,0.1725936282,0.04996485376,0.02514859612,0.2244904661,0.03246905422,0.04440747685,0.02937001878,2.204180714,,2020Q3,2.0,2020,3
236,183,US-LL1,SAV,31.2792,-84.5329,165.0,2020-06-01,2020-8-31,0.0336395189,0.7102310742,0.04448637928,0.0343103243,0.03102241589,0.05275266008,0.02660376771,0.03522635559,0.03169159985,1.0,,2020Q3,1.0,2020,3
146,101,US-CS4,CRO,44.1597,-89.5475,328.0,2020-06-01,2020-8-31,0.03660420572,0.04511135507,0.2695430817,0.03946959346,0.4465673949,0.05155193838,0.033263651,0.03871429146,0.03913550026,3.405356067,,2020Q3,3.0,2020,3
179,148,US-ICh,OSH,68.6068,-149.2958,940.0,2020-06-01,2020-8-31,0.03028165193,0.06242740123,0.4070271579,0.04074205329,0.03990098506,0.2468597334,0.04081708747,0.09682642492,0.035077469,2.512578741,,2020Q3,3.0,2020,3
74,84,US-BZS,ENF,64.6963,-148.3235,100.0,2020-06-01,2020-8-31,0.03957613797,0.6217419387,0.08179246829,0.04189899459,0.02642186895,0.08596368408,0.0271368548,0.04073365394,0.0346973378,1.021812801,,2020Q3,1.0,2020,3
107,94,US-CMW,DBF,31.6637,-110.1777,1199.0,2020-06-01,2020-8-31,0.02962929078,0.6102712229,0.04420857383,0.02944702068,0.05217346678,0.1314985254,0.03668364237,0.03107963947,0.03497095312,1.0,,2020Q3,1.0,2020,3
292,277,US-Rpf,DBF,65.1198,-147.429,497.0,2020-06-01,2020-8-31,0.03460353104,0.7087959775,0.04244781766,0.02739438554,0.03273646538,0.05251323507,0.03178080117,0.03836013101,0.03133155586,1.0,,2020Q3,1.0,2020,3
204,149,US-ICs,WET,68.6058,-149.311,920.0,2020-06-01,2020-8-31,0.03111209921,0.1152080489,0.2313293272,0.04674336295,0.04516212837,0.3454762658,0.03499820881,0.1208053052,0.02912476741,4.292998699,,2020Q3,4.0,2020,3
136,99,US-CS2,ENF,44.1467,-89.5002,328.0,2020-06-01,2020-8-31,0.03854683049,0.7368140163,0.03265405125,0.03553613956,0.03463420849,0.02905156087,0.02629632859,0.0320008945,0.03443096249,1.0,,2020Q3,1.0,2020,3
43,81,US-BZF,WET,64.7013,-148.3121,95.0,2020-06-01,2020-8-31,0.0635524728,0.5871213585,0.07110914142,0.08650927864,0.03424085454,0.06210552866,0.02969905294,0.03296983515,0.03265417476,1.00898246,,2020Q3,1.0,2020,3
144,99,US-CS2,ENF,44.1467,-89.5002,328.0,2020-09-01,2020-11-30,0.09061166888,0.6377340455,0.04626666794,0.04710454122,0.03771614209,0.03105433442,0.02757144416,0.03786671559,0.04403778677,0.8571428571,,2020Q4,1.0,2020,4
59,83,US-BZo,WET,64.6936,-148.33,100.0,2020-09-01,2020-11-30,0.04321393459,0.1187936051,0.1315258767,0.04529420952,0.0303144907,0.2765097474,0.03252348164,0.07161320987,0.2501727026,5.788461538,,2020Q4,6.0,2020,4
148,101,US-CS4,CRO,44.1597,-89.5475,328.0,2020-09-01,2020-11-30,0.04407519234,0.02863048771,0.05877449249,0.0254539699,0.5050820501,0.06035595239,0.03197487192,0.1214795079,0.1241350696,4.571428571,,2020Q4,5.0,2020,4
364,312,US-Tw1,WET,38.1074,-121.6469,-5.0,2020-09-01,2020-11-30,0.04261989458,0.3574019313,0.06256963119,0.08778101923,0.1879499957,0.1314906121,0.03889213078,0.04771108919,0.0435428545,2.080646715,,2020Q4,2.0,2020,4
214,149,US-ICs,WET,68.6058,-149.311,920.0,2020-09-01,2020-11-30,0.04576195662,0.02430828529,0.02762980326,0.02787561694,0.03000957124,0.0204024337,0.03666187322,0.1014111208,0.6859032235,8.0,,2020Q4,8.0,2020,4
38,81,US-BZF,WET,64.7013,-148.3121,95.0,2020-09-01,2020-11-30,0.04697511535,0.05797723851,0.0809175678,0.0953075661,0.04549504091,0.2683392269,0.03571637267,0.1769434557,0.1922875176,6.037343391,,2020Q4,6.0,2020,4
246,183,US-LL1,SAV,31.2792,-84.5329,165.0,2020-09-01,2020-11-30,0.03531621134,0.7100677028,0.03712440027,0.03279293353,0.02953885938,0.05167030487,0.03264288714,0.03986670659,0.03094426058,1.0,,2020Q4,1.0,2020,4
110,94,US-CMW,DBF,31.6637,-110.1777,1199.0,2020-09-01,2020-11-30,0.03110652789,0.6117648509,0.03537794364,0.02386978799,0.04087440888,0.1553933302,0.03032737887,0.04442493963,0.02682330702,1.079973617,,2020Q4,1.0,2020,4
87,84,US-BZS,ENF,64.6963,-148.3235,100.0,2020-09-01,2020-11-30,0.05960635326,0.2834961907,0.09324919267,0.04643079985,0.03075366956,0.1572353222,0.03243629628,0.06573906563,0.2310136816,3.928120324,,2020Q4,4.0,2020,4
187,148,US-ICh,OSH,68.6068,-149.2958,940.0,2020-09-01,2020-11-30,0.04584095247,0.0258013587,0.03579182225,0.03147173624,0.03040899671,0.0404810205,0.03916886299,0.1090447345,0.6419540341,7.823529412,,2020Q4,8.0,2020,4
309,277,US-Rpf,DBF,65.1198,-147.429,497.0,2020-09-01,2020-11-30,0.05183872708,0.2845795048,0.07370993838,0.03928774351,0.03565781169,0.2021995394,0.02978167515,0.09924894585,0.1836565339,3.933334097,,2020Q4,4.0,2020,4
21,72,US-Bi1,CRO,38.0992,-121.4993,-2.7,2020-09-01,2020-11-30,0.04491441082,0.1205779034,0.2582276365,0.03988226632,0.3351266868,0.05004628782,0.04090934336,0.05637340915,0.05390286426,3.124110767,,2020Q4,3.0,2020,4
322,289,US-Sne,GRA,38.0369,-121.7547,-5.0,2020-09-01,2020-11-30,0.1243182638,0.06297843161,0.06557146018,0.2857516775,0.1372552987,0.07335900173,0.1339446969,0.05591263674,0.06086769655,3.676832265,,2020Q4,4.0,2020,4
96,87,US-CdM,WSA,37.5241,-109.7471,1860.0,2020-09-01,2020-11-30,0.03325155944,0.03267765059,0.05854766653,0.02615404048,0.2011392117,0.3659011026,0.03702783876,0.2116403537,0.03362016613,5.032405921,,2020Q4,5.0,2020,4
150,101,US-CS4,CRO,44.1597,-89.5475,328.0,2020-12-01,2021-3-1,0.04913967857,0.02471292868,0.05485091966,0.03194206144,0.2595211704,0.04885140637,0.03797749425,0.2040549149,0.2889108364,5.710992547,,2021Q1,6.0,2020,1
207,149,US-ICs,WET,68.6058,-149.311,920.0,2020-12-01,2021-3-1,0.03404120597,0.02269253597,0.02624075068,0.02730237693,0.0331829477,0.02671025511,0.05656684605,0.09824775279,0.6749769711,8.0,,2021Q1,8.0,2020,1
202,148,US-ICh,OSH,68.6068,-149.2958,940.0,2020-12-01,2021-3-1,0.04166840951,0.05696851404,0.1902913132,0.03801580797,0.0319233257,0.1095255213,0.03777731516,0.09294411702,0.4008476553,5.617019131,2021-09-01 0:00:00,2021Q1,6.0,2020,1
155,102,US-CS5,CRO,44.1095,-89.5377,328.0,2020-12-01,2021-3-1,0.04448486038,0.0292189178,0.06573740433,0.03554881286,0.3585060391,0.0328585891,0.03552429064,0.1062208477,0.2918623455,5.6,,2021Q1,6.0,2020,1
23,72,US-Bi1,CRO,38.0992,-121.4993,-2.7,2020-12-01,2021-3-1,0.04582841208,0.09505577239,0.2388467891,0.03605061123,0.3616875393,0.08250662895,0.03537331053,0.05881295372,0.04579714026,3.420798074,,2021Q1,3.0,2020,1
141,99,US-CS2,ENF,44.1467,-89.5002,328.0,2020-12-01,2021-3-1,0.04396059072,0.7090554276,0.03694415918,0.04789103474,0.03766109912,0.03133231673,0.02727511061,0.03227070737,0.03357332871,1.0,,2021Q1,1.0,2020,1
297,277,US-Rpf,DBF,65.1198,-147.429,497.0,2020-12-01,2021-3-1,0.04236868201,0.03164240139,0.03113425723,0.03690848318,0.03372729689,0.03123578668,0.0445910096,0.06630119757,0.6820548754,8.0,,2021Q1,8.0,2020,1
102,87,US-CdM,WSA,37.5241,-109.7471,1860.0,2020-12-01,2021-3-1,0.03588574619,0.03776974881,0.03705723508,0.03684207684,0.06537365463,0.199846322,0.09726381018,0.1247346186,0.3651881206,6.77035848,,2021Q1,7.0,2020,1
124,94,US-CMW,DBF,31.6637,-110.1777,1199.0,2020-12-01,2021-3-1,0.04259123136,0.4309808463,0.04535906122,0.02706669279,0.04934440143,0.2574993043,0.02936901066,0.08880724881,0.0289425156,1.660526081,,2021Q1,2.0,2020,1
249,183,US-LL1,SAV,31.2792,-84.5329,165.0,2020-12-01,2021-3-1,0.03784754134,0.6336532551,0.04632918141,0.03178965797,0.03470167522,0.09172067801,0.03428644184,0.04668969195,0.04294470953,1.428378472,,2021Q1,1.0,2020,1
29,81,US-BZF,WET,64.7013,-148.3121,95.0,2020-12-01,2021-3-1,0.03868300808,0.02370668147,0.02721840682,0.02859061634,0.03208686155,0.02467299042,0.05032542998,0.1089605207,0.6657188705,8.0,,2021Q1,8.0,2020,1
51,83,US-BZo,WET,64.6936,-148.33,100.0,2020-12-01,2021-3-1,0.03211485889,0.02478887466,0.02603690944,0.02723215954,0.02988357562,0.02612888833,0.04695713238,0.07301781137,0.7138038942,8.0,,2021Q1,8.0,2020,1
370,312,US-Tw1,WET,38.1074,-121.6469,-5.0,2020-12-01,2021-3-1,0.0549019364,0.1258809222,0.1382266118,0.09682047195,0.1191019622,0.1976165835,0.04702123173,0.138963986,0.08142325633,4.072275542,,2021Q1,4.0,2020,1
323,289,US-Sne,GRA,38.0369,-121.7547,-5.0,2020-12-01,2021-3-1,0.1252308491,0.0692341685,0.03848085216,0.5512518792,0.0396762494,0.08169682325,0.02923565864,0.03728459588,0.02787058081,2.933246663,,2021Q1,3.0,2020,1
78,84,US-BZS,ENF,64.6963,-148.3235,100.0,2020-12-01,2021-3-1,0.04158414967,0.03642859109,0.02915254504,0.03602000189,0.03300227224,0.03103578462,0.04928460326,0.05979840693,0.6836564442,8.0,,2021Q1,8.0,2020,1
154,102,US-CS5,CRO,44.1095,-89.5377,328.0,2021-03-02,2021-5-31,0.04433177054,0.04732538516,0.04732275679,0.03346256927,0.2574708681,0.06056548191,0.03095847779,0.09228833979,0.386236268,6.666666667,,2021Q2,7.0,2021,2
139,99,US-CS2,ENF,44.1467,-89.5002,328.0,2021-03-02,2021-5-31,0.04037285218,0.6910541844,0.04795400991,0.05364786862,0.03373413217,0.03587638157,0.02838139979,0.03426928949,0.03467427307,1.0,,2021Q2,1.0,2021,2
6,72,US-Bi1,CRO,38.0992,-121.4993,-2.7,2021-03-02,2021-5-31,0.03223553101,0.03926588621,0.2622318562,0.03571163053,0.4810101136,0.03626376551,0.03877469073,0.03032437031,0.04414403177,3.572430341,,2021Q2,4.0,2021,2
115,94,US-CMW,DBF,31.6637,-110.1777,1199.0,2021-03-02,2021-5-31,0.03282779392,0.2696426801,0.04872807921,0.02489301539,0.06491451943,0.4061111324,0.02448398173,0.1017804015,0.02657944736,4.032247094,,2021Q2,4.0,2021,2
149,101,US-CS4,CRO,44.1597,-89.5475,328.0,2021-03-02,2021-5-31,0.04746622772,0.03293671675,0.04915022206,0.04735755262,0.3693450993,0.0665824987,0.03020324277,0.1241429298,0.23277694,5.431000954,,2021Q2,5.0,2021,2
100,87,US-CdM,WSA,37.5241,-109.7471,1860.0,2021-03-02,2021-5-31,0.03482579225,0.02495331168,0.06162007819,0.02620613645,0.1837187374,0.3248690812,0.03496999433,0.2740840803,0.0347127582,5.40289872,,2021Q2,5.0,2021,2
81,84,US-BZS,ENF,64.6963,-148.3235,100.0,2021-03-02,2021-5-31,0.04316150491,0.1475316839,0.05223247841,0.03459599427,0.02923177856,0.07612274528,0.02773754468,0.06272632478,0.5266234836,6.318881142,,2021Q2,6.0,2021,2
192,148,US-ICh,OSH,68.6068,-149.2958,940.0,2021-03-02,2021-5-31,0.04802840521,0.02635468008,0.03089079752,0.0302184109,0.03106195758,0.01874742463,0.03424712295,0.1073747884,0.6730401659,8.0,,2021Q2,8.0,2021,2
61,83,US-BZo,WET,64.6936,-148.33,100.0,2021-03-02,2021-5-31,0.04796924012,0.08781691988,0.06933931726,0.03762619999,0.02982744184,0.1099328256,0.03320202235,0.07469175784,0.5095571159,6.943909173,,2021Q2,7.0,2021,2
299,277,US-Rpf,DBF,65.1198,-147.429,497.0,2021-03-02,2021-5-31,0.04423165473,0.1221218821,0.08450967657,0.03325281489,0.03818986621,0.1201365269,0.02823510701,0.08781497547,0.4414700777,6.127013645,,2021Q2,6.0,2021,2
219,149,US-ICs,WET,68.6058,-149.311,920.0,2021-03-02,2021-5-31,0.04812944315,0.02644590539,0.03102109831,0.03028223578,0.03107435957,0.01871151378,0.03408728608,0.1077744128,0.6724377095,8.0,,2021Q2,8.0,2021,2
42,81,US-BZF,WET,64.7013,-148.3121,95.0,2021-03-02,2021-5-31,0.05388321942,0.03372146199,0.04494860573,0.1506964099,0.04601740049,0.05787565776,0.03456001926,0.1003321403,0.4779268929,6.636363636,,2021Q2,7.0,2021,2
183,148,US-ICh,OSH,68.6068,-149.2958,940.0,2021-06-01,2021-8-31,0.03784768607,0.07534621471,0.2864142111,0.04274548323,0.03243375418,0.1640887927,0.03991578863,0.08413141483,0.2370375682,4.181965613,,2021Q3,4.0,2021,3
54,83,US-BZo,WET,64.6936,-148.33,100.0,2021-06-01,2021-8-31,0.03502870852,0.4950198112,0.09946038957,0.03003655704,0.04001775993,0.1912716263,0.03410536252,0.04268450422,0.03233624906,1.681208167,,2021Q3,2.0,2021,3
117,94,US-CMW,DBF,31.6637,-110.1777,1199.0,2021-06-01,2021-8-31,0.03331150228,0.6574235019,0.04736197143,0.02818593364,0.05190372616,0.07239457517,0.04240387858,0.02937163715,0.03760639354,1.0,,2021Q3,1.0,2021,3
68,84,US-BZS,ENF,64.6963,-148.3235,100.0,2021-06-01,2021-8-31,0.03502961638,0.6971835418,0.04852470345,0.03187218551,0.02801780286,0.064478097,0.02694827515,0.03592806439,0.03198166245,1.002615566,,2021Q3,1.0,2021,3
103,87,US-CdM,WSA,37.5241,-109.7471,1860.0,2021-06-01,2021-8-31,0.03608963463,0.03811762059,0.0578568698,0.02758143124,0.2411147041,0.2783393702,0.03876835196,0.2356292425,0.0464613488,4.975561798,,2021Q3,5.0,2021,3
140,99,US-CS2,ENF,44.1467,-89.5002,328.0,2021-06-01,2021-8-31,0.0405173099,0.7310262399,0.03291381257,0.03918863085,0.03816744431,0.02491190792,0.02605389251,0.03025891157,0.03692606327,1.0,,2021Q3,1.0,2021,3
208,149,US-ICs,WET,68.6058,-149.311,920.0,2021-06-01,2021-8-31,0.03421350918,0.1590851068,0.1767357758,0.03994386666,0.04111133704,0.2205755864,0.03164284519,0.0688951185,0.2277578472,4.961546945,,2021Q3,5.0,2021,3
26,81,US-BZF,WET,64.7013,-148.3121,95.0,2021-06-01,2021-8-31,0.03037363757,0.08916704413,0.4604169676,0.05493616554,0.03732480751,0.2283744957,0.03516421817,0.03138736688,0.03281588026,2.656799837,,2021Q3,3.0,2021,3
22,72,US-Bi1,CRO,38.0992,-121.4993,-2.7,2021-06-01,2021-8-31,0.04493188544,0.07605421568,0.2849128819,0.03789448296,0.265573235,0.05775792065,0.04342493899,0.108381934,0.08102848101,3.979491375,,2021Q3,4.0,2021,3
291,277,US-Rpf,DBF,65.1198,-147.429,497.0,2021-06-01,2021-8-31,0.03414299126,0.7049086177,0.04489490462,0.02839842164,0.03575068571,0.05467515106,0.03049535996,0.03589429742,0.03080311755,1.0,,2021Q3,1.0,2021,3
152,102,US-CS5,CRO,44.1095,-89.5377,328.0,2021-06-01,2021-8-31,0.03277527453,0.05325386473,0.2860153203,0.04159302342,0.4466274677,0.02912088586,0.03760826561,0.03109980068,0.04186680376,3.938217173,,2021Q3,4.0,2021,3
293,277,US-Rpf,DBF,65.1198,-147.429,497.0,2021-09-01,2021-11-30,0.03502555785,0.617369592,0.04930663728,0.03208509834,0.0282635247,0.1181120064,0.03204258607,0.0586708752,0.02908565036,1.0,,2021Q4,1.0,2021,4
94,87,US-CdM,WSA,37.5241,-109.7471,1860.0,2021-09-01,2021-11-30,0.03223002405,0.0580415409,0.05724368552,0.02564461839,0.1306639639,0.3997177398,0.03878902069,0.2214755437,0.03615377497,5.140815053,,2021Q4,5.0,2021,4
35,81,US-BZF,WET,64.7013,-148.3121,95.0,2021-09-01,2021-11-30,0.04414521694,0.02542945812,0.1579803042,0.04975442335,0.06771394149,0.2842617419,0.03267528523,0.3106487621,0.02735078811,6.169728148,,2021Q4,6.0,2021,4
135,99,US-CS2,ENF,44.1467,-89.5002,328.0,2021-09-01,2021-11-30,0.03825292068,0.7333631865,0.03193114887,0.03498772934,0.03314462237,0.03350243121,0.02739247791,0.03396475517,0.03342604081,1.0,,2021Q4,1.0,2021,4
116,94,US-CMW,DBF,31.6637,-110.1777,1199.0,2021-09-01,2021-11-30,0.03303636056,0.6927823076,0.03413575607,0.02328073129,0.03765305815,0.08290441391,0.03189631154,0.03622315214,0.02805197501,1.0,,2021Q4,1.0,2021,4
62,83,US-BZo,WET,64.6936,-148.33,100.0,2021-09-01,2021-11-30,0.04837505496,0.2553217093,0.1329338974,0.05228231563,0.02762601524,0.3185609361,0.03442229801,0.07830707718,0.05212994215,4.157422668,,2021Q4,4.0,2021,4
213,149,US-ICs,WET,68.6058,-149.311,920.0,2021-09-01,2021-11-30,0.04486094805,0.03691880944,0.0639312875,0.03443324775,0.03269168,0.0801144582,0.03495776309,0.1129186567,0.5591362821,7.320898763,,2021Q4,7.0,2021,4
153,102,US-CS5,CRO,44.1095,-89.5377,328.0,2021-09-01,2021-11-30,0.0397980299,0.03231832446,0.1122026748,0.02882310644,0.5467543358,0.06304914688,0.03111125834,0.1045426347,0.04136276556,3.887202532,,2021Q4,4.0,2021,4
196,148,US-ICh,OSH,68.6068,-149.2958,940.0,2021-09-01,2021-11-30,0.05071345152,0.02746797294,0.04855592675,0.03616309751,0.04801190482,0.06590182867,0.04147961547,0.1263454909,0.5553235114,7.448678205,,2021Q4,7.0,2021,4
86,84,US-BZS,ENF,64.6963,-148.3235,100.0,2021-09-01,2021-11-30,0.05538990662,0.3864831985,0.09725169272,0.05680878919,0.02640953485,0.2069213022,0.03030442317,0.07181390656,0.0685766549,2.866824722,,2021Q4,3.0,2021,4
10,72,US-Bi1,CRO,38.0992,-121.4993,-2.7,2021-09-01,2021-11-30,0.03303138273,0.07680950859,0.2398242822,0.03801549549,0.4604133941,0.03807743615,0.04335338925,0.02836702042,0.04206993434,3.395195046,,2021Q4,3.0,2021,4
313,277,US-Rpf,DBF,65.1198,-147.429,497.0,2021-12-01,2022-3-1,0.0391699532,0.3410406644,0.07602837005,0.03258015556,0.03441167416,0.08759277394,0.0309171681,0.06904398931,0.2891773749,4.011657812,2022-09-01 0:00:00,2022Q1,4.0,2021,1
50,81,US-BZF,WET,64.7013,-148.3121,95.0,2021-12-01,2022-3-1,0.1318934043,0.1211644183,0.0521416538,0.1061106844,0.03328068818,0.06787724961,0.03426935903,0.08985731446,0.3633655616,4.844792642,2022-09-01 0:00:00,2022Q1,5.0,2021,1
125,94,US-CMW,DBF,31.6637,-110.1777,1199.0,2021-12-01,2022-3-1,0.04435580928,0.4190571137,0.04708587069,0.0256544241,0.05855286041,0.2586388949,0.03075350419,0.08712667275,0.02873492264,2.318822656,,2022Q1,2.0,2021,1
92,84,US-BZS,ENF,64.6963,-148.3235,100.0,2021-12-01,2022-3-1,0.0391376379,0.2852178008,0.06661820713,0.03422285955,0.02737423296,0.08415983736,0.02927940654,0.06215337421,0.3717995412,4.646395008,2022-09-01 0:00:00,2022Q1,5.0,2021,1
67,83,US-BZo,WET,64.6936,-148.33,100.0,2021-12-01,2022-3-1,0.05009453286,0.1868712683,0.09852094275,0.03872517663,0.02926982887,0.1245691799,0.0353577223,0.07233726036,0.3642158347,5.042139891,2022-09-01 0:00:00,2022Q1,5.0,2021,1
215,149,US-ICs,WET,68.6058,-149.311,920.0,2021-12-01,2022-3-1,0.04644089324,0.02505089485,0.02862023175,0.02841468158,0.02996367174,0.01989129472,0.03663538401,0.1070664264,0.6778802111,8.0,,2022Q1,8.0,2021,1
156,102,US-CS5,CRO,44.1095,-89.5377,328.0,2021-12-01,2022-3-1,0.0468162908,0.0261475459,0.03042031257,0.02980598852,0.03101170733,0.01907608201,0.03463362801,0.1064616271,0.6755904881,8.0,,2022Q1,8.0,2021,1
19,72,US-Bi1,CRO,38.0992,-121.4993,-2.7,2021-12-01,2022-3-1,0.04107810629,0.124386196,0.2901958657,0.0368584231,0.3060380303,0.08747336017,0.0384497456,0.03397106688,0.04150823096,2.68147678,,2022Q1,3.0,2021,1
194,148,US-ICh,OSH,68.6068,-149.2958,940.0,2021-12-01,2022-3-1,0.0485557354,0.02518874182,0.02882412675,0.02891542197,0.03034910072,0.01956110991,0.03543104763,0.104943377,0.6781945132,8.0,,2022Q1,8.0,2021,1
8,72,US-Bi1,CRO,38.0992,-121.4993,-2.7,2022-03-02,2022-5-31,0.03246887517,0.05261262353,0.260848917,0.03315564462,0.4730915266,0.04022636407,0.0373928995,0.03024582583,0.03991896482,3.525588235,,2022Q2,4.0,2022,2
