,index,NAME,year,other,trees_gained,grass_gained,flooded_vegetation_gained,crops_gained,shrub_and_scrub_gained,trees_lost,grass_lost,flooded_veg_lost,crops_lost,shrub_and_scrub_lost
0,0,Del Norte,2017,2620253640.557083,1382926.564125061,221228.30893707275,2901.628677368164,36621.09122467041,597362.0160522461,1754944.361503601,297469.03761291504,17009.607902526855,151387.0863647461,702011.5517654419
1,1,Humboldt,2017,9243893811.610558,4447729.398376465,1884087.0328674316,40221.83490753174,751721.4585266113,1518750.087020874,26483715.07423401,2748132.8340682983,9906.692932128906,668272.9517593384,3103372.93825531
2,2,Modoc,2017,10879485491.071259,342682.7625579834,322977.3894805908,171563.6021118164,664942.9066619873,845681.7097625732,158014.20510101318,92067.53182220459,130912.24967956543,4005881.451187134,561186.1192321777
3,3,Siskiyou,2017,16364509250.30053,1620474.4281539917,7429510.731842041,210237.16157531738,3628660.876678467,6421227.10458374,23402750.58795929,6013456.442695618,813862.9763641357,9905946.170715332,15703165.573806763
4,4,Alameda,2017,1856242752.5579224,9726064.346946716,43186714.7004776,171090.33707427979,5542740.250740051,3757109.632209778,1474806.4954681396,1962451.499130249,31418.29443359375,1163137.8446350098,1821075.1459350586
5,5,Alpine,2017,1920728047.8059158,31865.436714172363,149932.31887054443,26869.869567871094,282085.42739105225,267096.16649627686,441311.9094848633,215056.42140960693,9489.147811889648,601025.5344543457,2093735.5698318481
6,6,Amador,2017,1553542099.542427,5159807.447425842,2980191.7620391846,500.00572204589844,853080.5416412354,770137.2149429321,3368285.6951141357,1070870.4549484253,,277002.93798828125,1387377.9858703613
7,7,Butte,2017,4272194695.6560364,36067498.321891785,8264874.589744568,106755.89487457275,8135634.9610824585,5691523.5260772705,3500603.237182617,2804666.940963745,47425.42345428467,4865469.802497864,2094452.7380218506
8,8,Calaveras,2017,2656597170.7652893,11008072.756645203,7816793.697502136,4599.313011169434,1124568.5338287354,1561378.7239074707,3321782.877166748,1571399.4337158203,1599.9973220825195,58590.68389129639,2554842.782310486
9,9,Colusa,2017,2892161838.964752,10867735.817428589,65790450.06414795,267170.486038208,8995422.2131958,6339271.173965454,2183181.5491256714,473624.946182251,138785.16571044922,6545996.176811218,1188819.7847366333
10,10,Contra Costa,2017,1812859875.5377579,17848287.31148529,65778307.36090851,262643.1541519165,8052509.824226379,3759349.956138611,2896281.106262207,1673641.9134597778,182512.2133255005,3498059.1399002075,1801906.0057983398
11,11,El Dorado,2017,4593038824.526436,14632490.018661499,4011615.473587036,1400.178825378418,662319.1876907349,1291962.257446289,7692315.969863892,1751166.1849060059,,99200.70445251465,3428098.226524353
12,12,Glenn,2017,3230334386.123787,15171460.64087677,166180227.50527954,197032.92111206055,7474093.449989319,7610350.079330444,1223136.087463379,1784025.165298462,36524.68048095703,5404776.948997498,1430797.93825531
13,13,Lake,2017,3410087888.7610703,9662859.849761963,6929328.64994812,68954.39656829834,1293816.4268722534,7780856.576339722,1710134.0681304932,1337737.4653244019,68353.57875823975,301336.66455841064,3953642.3039474487
14,14,Lassen,2017,11908252468.573715,5331110.340408325,6447121.266990662,3077945.031829834,27838690.508163452,106636783.973732,1568007.468788147,2278386.587364197,980329.5242919922,136352594.18843842,26263419.51498413
15,15,Madera,2017,5400468298.876373,25000679.755844116,81435114.13729858,153741.9919052124,35377848.47711182,6417291.632743835,6872036.515830994,457488.34841918945,29581.867767333984,15706492.915519714,5138143.588630676
16,16,Marin,2017,1341490185.1528625,7303775.473114014,4415648.285209656,140607.043800354,1278582.7573242188,2044069.5608139038,1362950.9355163574,561038.9847183228,15611.860458374023,162526.26570129395,1151188.2096939087
17,17,Mariposa,2017,3705236156.4370804,14451056.124351501,59696731.263183594,299.76866912841797,215543.96516418457,4098435.481361389,1901502.2304382324,1051749.1725234985,599.4425201416016,19283.371612548828,2014977.0174331665
18,18,Mendocino,2017,8986645912.84851,15337717.196746826,7383401.083724976,237785.1950378418,819931.1243438721,4786024.078056335,64681128.69419861,6209299.095146179,6604.9432373046875,553136.2064056396,11407142.818847656
19,19,Merced,2017,4721511578.953621,37954271.78616333,230005658.38934326,463125.4799118042,38330040.575431824,30539838.22544861,3546326.1822509766,1542423.1145095825,359158.6343536377,57449521.24179077,2618268.193862915
20,20,Mono,2017,7818903509.963028,208110.7787399292,118975.88206481934,440706.19049072266,13563460.202461243,4605390.374794006,1474014.771888733,45525.891342163086,88600.7068939209,198750012.43971252,73349787.7271576
21,21,Monterey,2017,7990650731.602013,37179045.36929321,341555233.56959534,1424274.7322311401,36119313.699905396,93739216.46282959,10649460.73272705,1370414.8145599365,252552.27152252197,39864516.60054016,31237047.52317047
22,22,Napa,2017,2013909298.9527435,10464220.234161377,4573029.243423462,103173.1736907959,4335411.70816803,4832094.912071228,1101102.6068572998,985108.4220504761,50735.96862030029,718617.4101028442,1325350.2815551758
23,23,Nevada,2017,2505898769.5817795,4935095.238494873,973652.9336776733,,179425.42198181152,565517.7312927246,6255479.366325378,549280.0124893188,,37983.083572387695,2731510.9833068848
24,24,Placer,2017,3833769189.403084,32748231.288383484,8869179.793281555,15804.815650939941,5035813.879150391,1131336.2463531494,4359243.552742004,2317939.7117996216,2500.8435287475586,506718.7350997925,2060580.8162384033
25,25,Plumas,2017,6752331936.293915,1464361.2332229614,1093681.3731155396,220069.93685150146,787772.7822265625,4999224.379043579,2368662.644805908,353558.4366760254,188096.82759094238,879215.203666687,4128126.518371582
26,26,Sacramento,2017,2471133112.7130814,19021625.00679016,12113337.208938599,168659.8114013672,28237301.631393433,2917556.6578674316,2089481.2081069946,3415174.328681946,16404.74104309082,5932210.773674011,1745246.2956085205
27,27,San Benito,2017,3277987462.3008957,28513962.105651855,180595702.8695755,325910.6343612671,7973911.281089783,89919852.33882904,1001452.9556732178,732204.0137329102,19804.997901916504,9998590.271446228,4247829.883628845
28,28,San Francisco,2017,120827818.32245636,765069.084892273,178432.6667327881,2101.6206665039062,100874.64028930664,105278.45761108398,168725.47011566162,18413.538047790527,100.07533264160156,40730.37111663818,94969.66678619385
29,29,San Joaquin,2017,3500606738.617592,36267433.21800232,61291118.05207825,326610.74198913574,45505545.56247711,15612328.670669556,2639975.9266586304,1553060.4046020508,34210.65468597412,28606769.93875122,2284914.1035079956
30,30,San Mateo,2017,1156678314.772171,10626490.493965149,1990524.8465423584,100369.70971679688,1293437.2210769653,1198251.2601470947,1493158.527770996,349453.09923553467,600.4224624633789,225863.64447021484,592628.043258667
31,31,Santa Clara,2017,3303180712.6754074,20308180.024482727,16944442.526657104,164081.64714813232,9543523.910339355,3121787.995941162,2438572.2738342285,2039395.2685928345,68543.30542755127,1864421.0621032715,1545277.330154419
32,32,Santa Cruz,2017,1133966339.5477753,4866115.1876068115,1744270.2278900146,300.16761016845703,5349629.439468384,629448.9872283936,3973266.1550750732,362198.4422683716,800.3993682861328,4418281.52456665,444054.02994537354
33,33,Shasta,2017,9895132778.391846,27447837.15410614,23023679.924812317,95145.56798553467,2631741.9735946655,4477144.7462768555,5290115.773796082,1389733.3967819214,20307.007064819336,489163.0092010498,4743897.242698669
34,34,Sierra,2017,2485715708.0947266,932660.8949737549,209871.6505279541,75366.01860809326,502605.8173522949,1229131.951927185,436068.7063446045,236647.3391418457,28785.770278930664,651875.835975647,1977967.2144699097
35,35,Solano,2017,2131099227.9285126,12273345.535240173,17547497.69403839,528219.0122680664,12530466.861160278,7613736.711799622,2505029.969055176,4007840.9710617065,760824.2884597778,4965060.63822937,3415271.5809631348
36,36,Sonoma,2017,4043692434.005478,23765591.958213806,15778175.989059448,230574.76878356934,13829545.465286255,4756621.617141724,5639612.344970703,3153460.39238739,42531.47091674805,2150370.5417175293,2281371.0478897095
37,37,Stanislaus,2017,3718157653.630806,13137349.85597229,115873698.99243164,265738.1216430664,32160139.374183655,20839464.137695312,4402329.396224976,1299612.357749939,90612.91482543945,14161899.497940063,1578366.5607757568
38,38,Sutter,2017,1553724936.4298553,5632798.371795654,2246472.3256988525,107252.94258117676,9529497.303627014,596082.7273101807,246014.2604522705,599684.9504776001,11404.974685668945,3171722.790161133,122256.7649307251
39,39,Tehama,2017,7589468397.114372,14174384.158729553,43269684.42223358,8205.708335876465,6533148.856658936,4100943.8706436157,3121429.457473755,4872002.510902405,3402.314483642578,3263738.952064514,3178314.737915039
40,40,Trinity,2017,8267891013.25325,9636854.957832336,254701.0086669922,3903.1010208129883,58045.8586807251,2287617.5491104126,22439648.726768494,1284507.3353881836,,4303.415100097656,3793967.8093032837
41,41,Tuolumne,2017,5863352429.458153,10737941.101348877,4981959.695014954,299.83216857910156,293851.258934021,1979077.1729736328,3356806.9154815674,894302.7013931274,,35380.85885620117,5168368.6873931885
42,42,Yolo,2017,2541835976.202965,10811139.10710144,58000695.55886841,281346.3842163086,13866388.62904358,14604334.00870514,1071644.4738616943,1014887.6877746582,170481.6957244873,7810770.572319031,1471353.0554656982
43,43,Yuba,2017,1643659614.1003723,8377627.98323822,3981559.2676086426,60724.242446899414,4390050.267303467,1907368.2278747559,1689986.5054473877,1233219.8004074097,28511.58270263672,1080723.397781372,1558295.4205703735
44,44,Del Norte,2018,2618763044.7308426,453972.3281097412,173699.09550476074,26514.92697906494,69039.83293914795,664694.4867324829,3616874.134124756,148688.34645843506,8404.693252563477,112464.2911453247,1380104.945159912
45,45,Humboldt,2018,9155762284.644096,41824487.20114899,45016026.17564392,652838.2679367065,1748541.857460022,28866187.82814026,5812897.495193481,1025928.902267456,7304.52392578125,660191.1551971436,4173033.8625030518
46,46,Modoc,2018,10841817958.9945,495560.3018722534,2907037.308128357,1021606.9817810059,9846929.549629211,3326032.1327285767,10275240.90499115,303782.6477279663,3634366.980506897,7839195.279182434,5313689.917808533
47,47,Siskiyou,2018,16268610508.128899,39328539.352249146,11213578.186531067,4050679.605369568,20717662.552993774,37900715.47798157,14868151.502845764,4593860.644241333,2395420.98538208,17563534.011619568,18415891.906791687
48,48,Alameda,2018,1861472523.359352,1715049.0132751465,2541355.7844161987,144289.44539642334,2472878.7464752197,2293162.56085968,5477692.917190552,42337926.933670044,93054.24328613281,2184120.0916671753,4347308.009384155
49,49,Alpine,2018,1922789576.0041046,189096.52220916748,156719.02251434326,3096.2463150024414,263486.0397644043,1190233.2276611328,36760.17997741699,,1198.5320739746094,92893.48487854004,123456.34844970703
50,50,Amador,2018,1558163004.0305786,2848545.8421783447,2247046.7238311768,199.9301986694336,241095.49184417725,1199572.2207183838,1896162.9321746826,1193854.518234253,1300.038459777832,112097.70747375488,1506474.1524276733
51,51,Butte,2018,4246050809.0652847,34510015.197784424,15120115.796669006,95650.83380126953,10386785.813423157,10167635.449272156,10330943.762763977,2765535.906463623,251736.52130889893,5470175.138725281,8624197.606330872
52,52,Calaveras,2018,2666054445.9108505,3305707.7965927124,3000117.610191345,,119979.13459014893,2515433.702102661,3862193.196395874,2918782.1878814697,2999.959228515625,153681.96857452393,3687458.098182678
53,53,Colusa,2018,2888003651.942047,8534552.225105286,4100703.643547058,83053.09574890137,6497976.508666992,3705447.1532211304,3939992.6055526733,59505404.57009125,583763.9133300781,8468229.795127869,11529520.889656067
54,54,Contra Costa,2018,1819411723.0302048,4095229.2859802246,3371247.359764099,247024.73707580566,5425230.736190796,3972586.64213562,10482652.070411682,62582616.18572998,432157.07778167725,3926572.1739196777,4666334.224220276
55,55,El Dorado,2018,4595683159.134659,13131064.296974182,3736925.880760193,98310.01026153564,552433.4748077393,3578114.9946746826,4456725.281929016,1008100.649307251,20802.099884033203,201290.11589813232,4142466.789237976
56,56,Glenn,2018,3226670936.2794876,8047179.86618042,4565038.48727417,101771.59516143799,6996555.47996521,3808765.393676758,4437139.030075073,163952387.7218399,140994.71739196777,6464819.811653137,11661223.158164978
57,57,Lake,2018,3400069363.083557,16157506.814315796,3737615.4984436035,82665.59733581543,717165.7581939697,5984671.9820251465,2623851.0014572144,2743246.6591262817,260503.35635375977,904413.6373214722,9913905.353149414
58,58,Lassen,2018,11964354154.621391,1678104.0443115234,11651054.746963501,1360475.320526123,88180453.71031952,71625461.5232315,3243281.0760116577,411074.68505859375,3796616.9152679443,57074764.376686096,21651415.9589386
59,59,Madera,2018,5406401491.594597,6886639.995735168,567169.3083114624,94316.96141815186,20747441.368995667,4296038.216499329,17298338.541244507,80533257.91585541,28077.17417907715,31976218.13896942,8227728.8916397095
60,60,Marin,2018,1344990857.8954391,2302761.784965515,999179.1915588379,76859.81972503662,290624.1415863037,1566799.8348388672,3492383.6872558594,2073926.059890747,255596.68446350098,763184.5333175659,3114010.89617157
61,61,Mariposa,2018,3704734925.0692596,2697468.887084961,2614237.9280548096,18184.25170135498,688868.5629806519,5044077.0609817505,8539661.842285156,56569659.46585083,,142774.519821167,7636476.686309814
62,62,Mendocino,2018,9066948923.07611,5889462.082603455,5475837.372444153,15612.111671447754,672921.3615570068,5909345.129104614,3012656.601348877,1677402.7284927368,345469.84547424316,467664.9993362427,7652787.976112366
63,63,Merced,2018,4747643815.935318,5590368.525276184,1208049.6460037231,355652.51948547363,41053358.13360596,2848778.3287734985,17305170.416168213,244428711.16638947,609937.4730224609,31694613.25151825,31581755.381126404
64,64,Mono,2018,7726635838.490608,1093763.0757904053,777171.791847229,135468.26538085938,242927737.69444275,129834433.73307037,163391.47800445557,9662.661338806152,193050.59169769287,5142112.531929016,4635464.614463806
65,65,Monterey,2018,7996624679.914375,8419537.551887512,1852075.705154419,198785.62966156006,36635188.82446289,10526382.719406128,25214765.446472168,389046934.3145218,2295624.7317123413,30479438.667236328,82748393.87349701
66,66,Napa,2018,2014451041.6725006,2492597.113822937,2815027.286529541,87661.75067138672,2549727.282234192,3130403.2389907837,5625280.206840515,2238362.6893310547,301513.6015701294,1319152.7548980713,7387375.316055298
67,67,Nevada,2018,2506816203.1232147,8683456.583847046,996972.8408508301,,83409.86315917969,1216514.879043579,2441308.8305511475,341956.7703781128,,17300.610816955566,1529590.85105896
68,68,Placer,2018,3849328354.1059723,16711052.622421265,8734169.655181885,2200.674903869629,1924121.170639038,2254669.3450317383,5125343.033630371,3105537.281967163,23707.466758728027,1040165.1907577515,2567218.5380477905
69,69,Plumas,2018,6754039792.939629,2161841.42477417,2207047.768333435,1259920.6602630615,259268.12225341797,4880579.508743286,678407.1489257812,125398.1964187622,145733.4056854248,2165409.992713928,891306.4617462158
70,70,Sacramento,2018,2490160872.513527,7041598.1317977905,8510373.52898407,36312.60606384277,11799644.09199524,5063263.552932739,4991439.731758118,6156863.037773132,129649.63056182861,7750463.211112976,5149630.340080261
71,71,San Benito,2018,3298257057.4646225,998819.2543334961,1018569.190498352,11803.549140930176,12335362.665107727,4237945.554756165,12870213.007530212,195846474.11827087,276443.92095184326,4460994.174507141,71003000.75306702
72,72,San Francisco,2018,121094920.17719269,196245.6558151245,99572.88274383545,,50737.930114746094,74154.80374145508,473251.8300552368,72553.19384765625,100.07254028320312,78457.7561416626,162519.61185455322
73,73,San Joaquin,2018,3496010735.901947,30822513.1665802,4381608.324211121,286399.1803665161,34047710.359954834,6506502.352600098,19070664.724983215,61875993.488082886,101831.72626495361,32998130.210395813,8626616.455627441
74,74,San Mateo,2018,1155362106.3445358,1050057.0495376587,662476.1101379395,21615.213958740234,280802.2474746704,771948.0476455688,13007940.924072266,1066069.871635437,10607.500282287598,570613.9818649292,1744854.749671936
75,75,Santa Clara,2018,3313750917.621895,2832183.5509643555,2505059.5526657104,94459.5692062378,3339553.3878936768,1757907.8437423706,13841261.356063843,15648651.751403809,116666.30508422852,3530074.8521881104,3802202.228981018
76,76,Santa Cruz,2018,1137034900.8042145,2402937.5533981323,541398.5223388672,700.4488830566406,5498489.218795776,345898.9775772095,4105346.6076812744,757525.57787323,200.10395050048828,4353606.362258911,713699.9318313599
77,77,Shasta,2018,9865379236.07811,24942520.744674683,9528443.381286621,33314.071632385254,1948294.0815353394,18510192.659973145,16315633.01687622,9012709.859924316,876452.4564743042,2416010.828430176,15778737.009239197
78,78,Sierra,2018,2487937881.45298,232039.16579437256,297319.8747329712,163524.8318786621,290640.07194519043,1343732.1453933716,96363.68885040283,,299060.19791412354,1073248.7920074463,262879.0728302002
79,79,Solano,2018,2136673022.5293274,7960909.585166931,6750431.591499329,837584.0690078735,4993660.226676941,7373645.132591248,5311916.1061935425,12194098.460861206,1523427.7496032715,6359279.050445557,7268546.689414978
80,80,Sonoma,2018,4055052697.7776794,7942010.434333801,6716625.000091553,105479.35911560059,4619375.234039307,4413089.721710205,15010523.960861206,5901280.456939697,282813.9697647095,6357547.750213623,8918845.937095642
81,81,Stanislaus,2018,3715131745.662796,14320703.353599548,3334310.2064971924,125619.01161956787,15650360.02003479,3030016.3396606445,13428559.399307251,125713156.79831696,56503.84826660156,21966775.79649353,9209114.403656006
82,82,Sutter,2018,1544322497.860443,7366184.829956055,3562517.163734436,77537.00770568848,8531971.296104431,2211575.4167099,1678479.6530456543,1452997.0520706177,162080.3392868042,5568189.974761963,1054093.247756958
83,83,Tehama,2018,7573759287.089653,13301487.076972961,11839643.587532043,1901.3254165649414,4677970.028404236,8767550.434158325,10440901.040534973,28753079.30883789,40029.33248138428,3681897.638305664,16729905.241516113
84,84,Trinity,2018,8190395085.758865,74247894.8709259,1312616.4751663208,,40532.15189361572,7231432.77646637,25904058.957099915,440948.03704071045,6304.919464111328,82164.72214508057,7993524.346046448
85,85,Tuolumne,2018,5871469459.397224,4501732.636116028,1152938.9840927124,,108715.78147125244,4445638.319969177,2991888.225692749,2342319.7837371826,,29883.7022857666,3757840.8511276245
86,86,Yolo,2018,2540322789.408493,7451226.037910461,3795150.1226882935,419024.97551727295,10723095.298873901,3898104.369544983,4340685.47328949,59472084.910102844,484838.4968032837,8389414.990074158,11642603.292747498
87,87,Yuba,2018,1635429293.665001,8694148.256072998,7779761.404876709,43717.511085510254,3010598.160964966,3074458.300376892,2862878.711791992,2363579.5908050537,122749.15193939209,1856954.940940857,2729541.1018981934
88,88,Del Norte,2019,2618614825.4443436,2243658.126426697,106260.58811187744,12807.17904663086,97355.22382354736,1692474.0314483643,2116616.5045166016,231131.7278366089,21512.057876586914,63035.76176452637,217825.16605377197
89,89,Humboldt,2019,9162081791.805122,28069528.951324463,1537462.53540802,15710.69351196289,291475.964302063,5075313.065734863,25261164.795791626,45464024.45876312,8304.516441345215,1904063.4368362427,15840881.69026184
90,90,Modoc,2019,10612359459.557182,22074251.31046295,1565369.9411315918,6514255.8253479,52877806.709877014,47195886.83823395,8018198.728096008,3199951.0440826416,11823728.662528992,97540285.51802826,23612206.863883972
91,91,Siskiyou,2019,16149949719.232674,59645152.06743622,4448272.297134399,7300430.52759552,99461682.08130646,69790412.90287018,19083295.014923096,4766161.797294617,1942533.3507843018,8818948.887832642,14451934.1950531
92,92,Alameda,2019,1901436221.239067,2002793.2758712769,4195957.719596863,89154.4227142334,1377551.1223449707,2100318.3091812134,5264725.365074158,3894710.09249115,41825.22401428223,2158997.7042007446,2517106.63041687
93,93,Alpine,2019,1922946206.438202,88802.39907073975,399.5511474609375,6691.799125671387,486651.7446899414,794875.540512085,13384.9058303833,16580.483642578125,898.8979415893555,185583.76359558105,306440.08419036865
94,94,Amador,2019,1552240873.5959854,3309163.269805908,4277853.934646606,4600.013465881348,440703.32259368896,3291718.0418777466,2495504.438484192,1580182.7112350464,31199.235954284668,111895.8406906128,1625659.183380127
95,95,Butte,2019,4228524077.2747116,13892530.4609375,12109702.179656982,591513.0091094971,18319229.92037964,15842760.212814331,27107893.261756897,6803027.836517334,65234.03480529785,4730001.2629470825,15787631.638191223
96,96,Calaveras,2019,2666757496.5970383,3864384.17754364,2795996.258293152,2899.9353561401367,197782.56943511963,2599698.9535369873,3083939.9732894897,2614571.462020874,,91888.14281463623,3612141.495262146
97,97,Colusa,2019,2943169549.661186,2772862.5593719482,7289382.274909973,910184.3024749756,18480546.759422302,3726493.6035232544,4430068.763580322,1766080.0735931396,153698.40312957764,4358971.9247665405,7894458.016136169
98,98,Contra Costa,2019,1877207221.9911957,4462158.784919739,3147959.328552246,735733.969795227,4953930.897506714,2713676.426551819,11774318.469490051,5449567.579421997,259927.03596496582,3939685.754501343,3969193.2855148315
99,99,El Dorado,2019,4593861934.717758,7088075.502700806,3574684.4485549927,41903.81562805176,506626.05348968506,4934174.270492554,9235918.799591064,1799408.9671554565,,276701.64987945557,5289964.503143311
100,100,Glenn,2019,3364184900.1621094,3501818.2909088135,34562729.67855835,68843.54769897461,10667845.989898682,5098665.24356842,6288992.1697387695,3122453.940475464,35723.87935638428,4438568.3712768555,4876270.267280579
101,101,Lake,2019,3391536860.810875,2457434.262245178,5232076.30745697,365386.6433944702,1978858.683921814,13335522.22579956,12450134.815376282,2386469.9307785034,86668.65995788574,1025702.099029541,12339794.302444458
102,102,Lassen,2019,11903525334.457184,3385261.295982361,1017926.7750701904,2623588.927207947,63076872.17313385,25241811.410209656,4145524.8447036743,6311767.80847168,2739014.142341614,139504220.48976135,73455534.6546402
103,103,Madera,2019,5473903704.220528,18559584.645233154,6840634.854354858,59562.05924987793,46428339.31594849,7555303.142669678,5908417.0528793335,2293332.1593933105,57950.01268005371,10993512.188789368,4456378.455718994
104,104,Marin,2019,1342106031.6887817,2119732.5441207886,1297998.572128296,261398.79843902588,867061.6857147217,2791036.430961609,6713910.660949707,1408201.0559310913,307634.2250061035,163425.79064178467,1889753.076538086
105,105,Mariposa,2019,3747630289.8648987,12527371.075256348,4807417.40663147,3995.3435440063477,64144.24523162842,8637698.428825378,2546830.2461013794,6170710.6320877075,499.62939453125,249234.89823150635,6048142.504135132
106,106,Mendocino,2019,9002795776.350975,55322078.72169495,6818297.079856873,114989.57876586914,1699939.7233886719,17693067.4998703,5227977.8676223755,1730457.5214309692,526117.832824707,528314.9265899658,5611066.181236267
107,107,Merced,2019,5017616642.640381,3660434.318435669,9122714.814163208,227866.80981445312,37047978.58004761,3802369.1062545776,7149080.518669128,10761700.665840149,687108.1052856445,29247566.884803772,4996748.332992554
108,108,Mono,2019,7994716646.013199,86038.12568664551,32549.615020751953,110122.92347717285,7284684.272323608,8362545.070991516,314430.2019805908,43099.460678100586,133738.70683288574,79718121.46083832,20746119.077545166
109,109,Monterey,2019,8410058509.071678,6569125.448608398,9221834.896583557,47607.907165527344,30067035.392852783,8058446.962661743,11889017.40573883,63533447.11882782,335053.2730331421,29894540.893798828,14367189.00743866
110,110,Napa,2019,2011889724.875122,3157561.0250167847,3632105.734664917,332235.2254867554,6195987.268753052,5571365.414253235,4698960.536987305,2322634.6625671387,51436.27487182617,869221.1641998291,3676910.7315216064
111,111,Nevada,2019,2506740495.6070786,4567374.162223816,639500.9747772217,,27197.748985290527,1971103.1029510498,5319560.948143005,750934.296836853,,41002.18361663818,2069545.3283081055
112,112,Placer,2019,3834239835.7298126,9506304.174301147,13323187.129936218,40412.67472076416,3739364.5204467773,7315104.429885864,13744414.870414734,3350241.241279602,70421.81571960449,1512026.13306427,3975226.3657302856
113,113,Plumas,2019,6761081958.062218,1325708.3068618774,224901.7350616455,319690.0437850952,733596.5716781616,1373651.810585022,1310951.395072937,410201.6790161133,1141467.0496902466,73986.95490264893,818592.020614624
114,114,Sacramento,2019,2461245013.704361,8070359.596878052,22175500.265678406,587309.2724304199,16322709.08342743,13737034.248336792,6292423.652893066,5335991.55619812,75026.79946136475,7635130.171112061,5313612.025810242
115,115,San Benito,2019,3530645743.1210556,1402891.2186965942,3550682.41456604,25209.506385803223,5950629.137672424,3527787.2105636597,2940309.1373672485,19311902.22466278,37009.88776397705,6260944.984146118,27663574.809906006
116,116,San Francisco,2019,120801001.76067352,213959.27741241455,32724.202224731445,,43932.60711669922,27320.13893890381,654386.5438461304,83761.90341949463,2201.657028198242,159416.75439453125,283809.06899261475
117,117,San Joaquin,2019,3550541009.0391464,8713566.07926941,15050283.009918213,84724.05261993408,66611906.73857117,5320378.091926575,18091004.680725098,4501180.062110901,331419.0973739624,17604543.153266907,7878691.88608551
118,118,San Mateo,2019,1159122274.9122925,6257918.396728516,777660.9153289795,12408.554656982422,371169.087020874,1350363.3857955933,4448608.153144836,854714.1949157715,24916.96612548828,299615.6996154785,1029441.7751922607
119,119,Santa Clara,2019,3331050244.9943314,6535078.870223999,2426680.944076538,69638.83240509033,3794678.170036316,2197185.8221206665,7801294.721084595,2829260.534347534,56836.30223083496,2536668.3310775757,1921370.4981536865
120,120,Santa Cruz,2019,1136513761.9472198,2731113.799217224,514279.8764190674,100.06600189208984,4540697.74546051,471455.2641983032,5455530.854393005,694878.3972396851,15508.193321228027,4050758.0951156616,766619.8702163696
121,121,Shasta,2019,9826490348.750542,22870728.954864502,18811245.186149597,1230969.3135147095,2360748.48323822,36276448.654785156,22928234.67995453,8174787.104042053,364703.8611984253,2855958.095703125,22377371.104179382
122,122,Sierra,2019,2490141180.4270096,123779.45281219482,599.9949417114258,5395.832221984863,647012.1753768921,470439.11350250244,188663.3877105713,159289.5835647583,1299.1665649414062,105732.18384552002,153297.97677612305
123,123,Solano,2019,2142702596.02359,4408899.470451355,6199474.885040283,1398719.071899414,12503321.552772522,5931216.129264832,7894492.774200439,6376585.994766235,746842.9346694946,3027341.6808624268,6057030.673271179
124,124,Sonoma,2019,4045085994.5228195,10691356.04814148,7748089.702926636,272007.9317855835,11390253.11504364,9340977.942619324,15364130.527526855,6239051.978782654,185842.2664794922,1842537.3814239502,7160048.184295654
125,125,Stanislaus,2019,3846306644.681465,3252072.3780822754,16129677.626342773,46508.14700317383,21186835.553634644,4138700.998703003,11823427.731529236,2803207.052810669,112213.00100708008,13288862.779693604,2878714.8899765015
126,126,Sutter,2019,1517388071.0017242,3245390.7260131836,11024540.184173584,338671.66968536377,26408805.698669434,2691697.4586868286,7849572.598960876,1249831.6703948975,57025.59536743164,4069417.18245697,1665100.05544281
127,127,Tehama,2019,7575367955.078804,5199681.261253357,33611950.690330505,28221.073974609375,5113937.857795715,14097830.708992004,18068649.388786316,6764781.312324524,63845.8542175293,3476769.7342834473,10200029.143051147
128,128,Trinity,2019,8230175067.058662,48398807.34700012,1004787.1495895386,4703.6746826171875,11909.151885986328,9025665.39389801,14317851.61064148,668314.0991973877,11509.025428771973,149016.14390563965,3886932.360221863
129,129,Tuolumne,2019,5868468215.201561,4879673.033287048,1056996.4218215942,599.3854293823242,29585.958610534668,4657403.754226685,4920096.152565002,1706524.393661499,799.5524520874023,50460.1856842041,5030063.642417908
130,130,Yolo,2019,2578886140.9783783,3858322.762512207,16537553.122650146,1204954.0406951904,18888723.54019928,7360153.790725708,7135694.385902405,5074579.520614624,323465.98053741455,6646229.165214539,5023200.0886154175
131,131,Yuba,2019,1625583562.9982681,3699742.278739929,7584039.187980652,344831.20025634766,6022251.481140137,5186886.8254852295,8204213.813911438,4616958.344551086,43216.63787841797,2570889.4775619507,4111088.5499801636
132,132,Del Norte,2020,2617738917.9461594,2992836.2293930054,273856.3297958374,96554.3787689209,98155.56126403809,431750.6866912842,1960970.6755828857,93454.21410369873,300.1681213378906,35820.423828125,1694885.1975402832
133,133,Humboldt,2020,9237276759.308205,3615556.3370285034,4231593.613891602,14307.577621459961,777737.3984451294,2365005.0576324463,29259182.015625,2399126.2770080566,2301.5925827026367,305478.770111084,5302673.965354919
134,134,Modoc,2020,10425115585.459541,11124921.181510925,1624682.0409545898,9154040.176139832,32099527.967407227,16811598.360603333,27793770.286514282,1504166.7911071777,2321727.473716736,212090774.26927185,147140606.99208832
135,135,Siskiyou,2020,16138952574.140587,27602089.038963318,1073725.260887146,3033408.8516311646,11201903.138496399,12560010.862548828,48443485.671798706,3904788.4681167603,2837712.7221221924,124067915.33113098,65980928.868621826
136,136,Alameda,2020,1818992389.9803696,12823544.692817688,74405678.57096863,119966.19801330566,3214773.005050659,8986796.106285095,1022313.3543167114,806763.1237945557,114367.60258483887,1961604.0516281128,2631164.4191436768
137,137,Alpine,2020,1920546294.746231,34156.713943481445,5493.428649902344,3595.696388244629,204254.40460205078,229722.28246307373,654326.2961196899,1398.3667907714844,5892.788185119629,468369.41020965576,2693011.4743652344
138,138,Amador,2020,1548760811.1406403,5665210.319366455,3061426.986618042,18699.952507019043,110797.04541015625,4379595.919593811,838561.4112930298,2778813.3554229736,9799.64720916748,1579561.1878967285,2206076.6221618652
139,139,Butte,2020,4216839276.2785034,29875568.20149231,8909784.211410522,172697.08847808838,3178042.850631714,22718342.39795685,21300723.827331543,6326939.49912262,223718.34358978271,25540250.212295532,8688258.181015015
140,140,Calaveras,2020,2655383366.025955,8611042.705749512,8536324.426628113,65297.32029724121,217973.00777435303,7475572.27481842,1172165.7510223389,1597074.654762268,7500.008628845215,291365.2075805664,2263118.181373596
141,141,Colusa,2020,2861052898.550812,7431466.450126648,63463429.8609314,572370.852897644,7730282.205780029,19121187.255958557,12085131.887130737,1838923.8315048218,416963.27084350586,17473755.72151184,3765886.454597473
142,142,Contra Costa,2020,1787678734.4342422,26075831.36868286,76683100.04985046,600923.1762390137,5748099.096702576,10257799.89187622,2279718.3364486694,794356.9578857422,614720.8231964111,5326605.541145325,2553483.8471450806
143,143,El Dorado,2020,4581650670.482887,23489397.39302063,2740330.1254119873,2499.359733581543,484031.8205947876,10011345.214881897,1545267.1747512817,2681584.474433899,2199.472236633301,727031.096824646,3275036.1136169434
144,144,Glenn,2020,3170828000.452072,48352796.405418396,136355911.61398315,198332.9804840088,8041648.427070618,41549069.06388855,8793520.064590454,2313775.4170455933,643970.0071258545,15604337.273269653,4165449.835922241
145,145,Lake,2020,3396054162.7303696,8118317.570777893,4543033.178268433,294631.9633102417,991576.4498825073,12134707.727233887,3694520.9670944214,2656767.115890503,225176.77545166016,4600697.299201965,9881316.963798523
146,146,Lassen,2020,11837677835.832802,2114089.8568344116,5170142.920036316,6875792.773193359,107752140.60840607,68191926.32260895,7816880.557662964,613280.3219985962,1567697.0139770508,121271225.01805878,65975845.75312805
147,147,Madera,2020,5451633912.234688,12639886.958213806,14099032.256210327,123289.3313369751,15039487.67010498,8752270.787017822,10842139.803337097,4507625.709388733,164486.95964050293,49759740.27178955,9494846.125717163
148,148,Marin,2020,1332711158.2762299,8084583.839607239,4689776.600364685,802711.350730896,328254.1173324585,6135022.151885986,1435298.8175430298,1068021.6134033203,336756.7110595703,813816.9378356934,3520784.113220215
149,149,Mariposa,2020,3702328600.581665,6441358.14919281,46610570.682777405,86117.31958770752,206712.697807312,9903585.135162354,10423566.472122192,1813932.1221618652,15885.850112915039,241879.4987411499,10614125.765007019
150,150,Mendocino,2020,8993012733.09816,7370401.69103241,2825980.8997802734,334460.47092437744,566242.3812789917,5898953.961105347,58309659.213150024,8578137.822013855,93273.30656433105,1621479.137008667,19456761.303237915
151,151,Merced,2020,4734226341.332367,29367918.716285706,244393731.8527069,2577024.387184143,29886245.896575928,25477414.331932068,3198972.7286605835,2589333.782043457,705517.0024185181,48994228.18225098,2903482.56426239
152,152,Mono,2020,7982568812.057289,3906319.8891220093,43809.95616149902,285766.35207366943,27500295.204856873,17922298.32800293,1039557.6591339111,92461.15622711182,93933.85554504395,51484601.66946411,26610238.800697327
153,153,Monterey,2020,7531418536.443459,92973431.85218811,762464547.6877594,1486333.8130340576,39992054.03095245,100060459.99754333,5169400.337341309,1019749.6655807495,211695.22621154785,36865952.5009079,12379645.823410034
154,154,Napa,2020,1979660131.0004349,27123860.563804626,6432389.591033936,169318.96035766602,1034541.0866546631,11231370.8434906,1651987.4866027832,2641795.986076355,363858.8542327881,7004072.917854309,5084815.6229019165
155,155,Nevada,2020,2504116841.727455,9203182.92251587,563696.9732818604,,56873.833992004395,3064560.9722366333,2345216.410003662,902146.2491989136,,24399.998176574707,1849795.2660598755
156,156,Placer,2020,3830581762.8292923,22780724.819961548,4685351.54649353,277075.16371154785,3342944.4082946777,6679639.954345703,2623363.079521179,6877810.067955017,8102.616600036621,8285782.749320984,4673981.849815369
157,157,Plumas,2020,6754720425.0132675,2442400.7635803223,702740.6522750854,2492086.9829559326,415685.3795013428,2192605.4050750732,1159055.791671753,314001.25985717773,157789.8472213745,1813000.8743286133,2404913.659751892
158,158,Sacramento,2020,2427597118.045143,10924507.855293274,30564415.003074646,489785.1287994385,12450813.037818909,18844673.01110077,3559425.436088562,5488563.559112549,201871.04121398926,27823740.55252838,8845197.706413269
159,159,San Benito,2020,3046514135.195801,46546341.43834686,393038623.24845886,484076.63051605225,5537544.657203674,93689992.64791107,573146.603225708,187750.38333129883,75420.06866455078,12562013.897361755,2107638.881965637
160,160,San Francisco,2020,120435634.35310364,987431.8437957764,191640.83642578125,200.1505889892578,211454.72022247314,208653.23958587646,109181.56954956055,14811.021186828613,,30222.288063049316,113283.89152526855
161,161,San Joaquin,2020,3466632866.5376053,14701585.948532104,73235919.30609131,129634.05669403076,22687550.93962097,17755489.99923706,22409527.539245605,2346463.8534851074,226165.18685150146,69713944.43325043,4889558.090400696
162,162,San Mateo,2020,1151954943.1230164,12441774.731994629,2402814.5402755737,27118.437385559082,528679.1258850098,3544759.966079712,1106685.7649841309,674686.0599975586,41828.741119384766,347352.3476638794,1478449.2024154663
163,163,Santa Clara,2020,3292094070.3594894,22270678.00605774,27310385.454673767,69832.72695922852,4545254.556427002,4702863.465484619,2282811.6366348267,872312.0647888184,159895.3949584961,4132530.446899414,2778303.9077148438
164,164,Santa Cruz,2020,1123377498.878891,17932159.975013733,1711078.1970748901,36118.70923614502,4060183.32913208,1452239.091720581,1226377.184288025,379405.25426483154,3201.493698120117,5004021.321273804,572420.6742095947
165,165,Shasta,2020,9810360223.865387,42619251.53439331,7151552.641670227,708817.2317199707,4818081.173744202,21524465.802474976,20106461.624916077,4457797.638809204,1884072.4525985718,6570732.006469727,44540088.21598053
166,166,Sierra,2020,2486691559.2956924,487946.6070175171,123529.02209472656,34980.73986816406,184077.30766296387,1240067.6524887085,237777.02296447754,59056.205505371094,2698.1755142211914,1878376.904701233,1056620.3608169556
167,167,Solano,2020,2074110058.7874603,25629473.831718445,42681670.22795868,2411548.858695984,5422163.235031128,17632545.17047119,6942088.5076828,2982229.22290802,833001.6165618896,14068127.86050415,4533613.871795654
168,168,Sonoma,2020,4024015748.7332,30050005.17010498,17477362.92731476,255791.43922424316,3031159.8969802856,12046538.092758179,4504095.943435669,5491099.086753845,480068.14488220215,9072397.760780334,8896022.406410217
169,169,Stanislaus,2020,3696900015.7257996,25450969.61542511,125027326.514328,328836.20780181885,19349711.64631653,17987420.59449768,5850692.867141724,2511093.0283050537,131421.56687164307,23418989.709129333,5010387.364631653
170,170,Sutter,2020,1511698346.7787247,4571565.883880615,8039166.697471619,174783.8627243042,5011284.815551758,3408471.129753113,6063309.835845947,4890549.264968872,234123.03079986572,28850375.300125122,3046147.2417297363
171,171,Tehama,2020,7428812736.633064,32644938.342933655,120673844.03240967,119687.38101959229,3827582.1309127808,52183432.508125305,8180557.152275085,2728990.527282715,343963.3741378784,13128851.980827332,9349068.04082489
172,172,Trinity,2020,8192481567.609123,6185877.969680786,302431.76557922363,5604.392608642578,93673.62155914307,2437003.3692321777,92757019.57209015,797420.7967147827,69254.61316680908,14911.733520507812,12509797.57183075
173,173,Tuolumne,2020,5858878599.365913,10425839.716125488,2995593.1393737793,6493.121444702148,47975.36008453369,8608159.946792603,3559659.3079681396,590387.5275726318,,72760.54515838623,5614949.651283264
174,174,Yolo,2020,2489397947.0764847,12398116.597351074,72013855.01889038,1004387.8516311646,8338772.207550049,28828466.76347351,6265881.648216248,4697450.811393738,1313807.4743118286,22732485.247917175,3947846.6788253784
175,175,Yuba,2020,1628761732.4465103,7644070.905990601,3109093.4992599487,116346.39047241211,1894457.324684143,5894475.520805359,4308689.492721558,4346734.227737427,124047.52561950684,7753743.491119385,4014289.9708328247
176,176,Del Norte,2021,2617527451.2735977,3018751.052330017,567224.9264526367,64636.9573135376,162692.82848358154,2456111.6495056152,399457.46044158936,139080.6859664917,42623.87664794922,73042.05850219727,966429.0420074463
177,177,Humboldt,2021,9254604300.88552,7429646.778755188,2014487.9297561646,400.26361083984375,624453.3714447021,4471284.644081116,3871297.717071533,7042148.765571594,239463.8970413208,943845.3239822388,4308392.336669922
178,178,Modoc,2021,10430051846.506119,18050768.860946655,216993.79957580566,2318656.141899109,222299713.5796585,97211949.70064545,1838577.8935089111,14216212.077186584,2269317.8408050537,17619833.967781067,80687530.63072968
179,179,Siskiyou,2021,16080543703.085075,53604259.01081085,3962481.507789612,1419114.151550293,92023398.20481873,58800218.08351135,6291953.485435486,22652017.40359497,991895.1706314087,33146109.484222412,86223392.76746368
180,180,Alameda,2021,1813194450.6614685,1428463.1465148926,1273131.9182281494,140883.57833099365,1798134.4061431885,3446461.703125,30524942.968833923,62709828.5644989,233128.69873809814,7752511.01197052,2577424.4471206665
181,181,Alpine,2021,1918818797.7704926,1674396.2461547852,10887.854141235352,9888.362800598145,675933.7501907349,3034436.692527771,3595.9194564819336,138840.6992034912,,40854.510314941406,438883.80266571045
182,182,Amador,2021,1547907998.763794,1381631.5814819336,1316149.0060958862,,216696.12125396729,1588559.16015625,10245785.538162231,5100655.3483810425,21100.32038116455,647087.9337921143,983689.8146209717
183,183,Butte,2021,4248058309.5350876,13156342.080070496,2600134.0141067505,102249.08539581299,7023828.163253784,8602524.639144897,20910539.863830566,15953326.05820465,303562.2104034424,16632705.465133667,10430079.97719574
184,184,Calaveras,2021,2646803584.244133,2020960.1507644653,2048978.7152786255,300.00636291503906,214065.7925415039,5209835.792541504,15002693.313957214,11114442.302635193,800.0192260742188,971877.890914917,2233261.3362350464
185,185,Colusa,2021,2861374233.8538666,4173545.101135254,415788.16081237793,175614.19003295898,21341810.371376038,2602353.60622406,27658360.76992035,56220164.58596802,571669.592918396,12642945.59575653,7775810.514083862
186,186,Contra Costa,2021,1785426852.8185654,4336964.928436279,1367586.6841430664,82644.33290100098,4683807.08241272,3876522.590950012,37829555.56147766,62026879.60128784,1462171.408958435,14651556.570960999,2868831.943321228
187,187,El Dorado,2021,4579410791.994804,5561755.615272522,2317184.8641433716,200.02529907226562,333416.4541091919,5190794.962585449,25577619.038116455,5944263.191955566,,369906.7525024414,1903459.8296051025
188,188,Glenn,2021,3152302884.708359,4556066.963668823,840078.9184265137,121486.88049316406,10753451.731987,4544921.641769409,74608432.62089539,131189459.52378082,239666.11228179932,19183813.956977844,38506548.48223114
189,189,Lake,2021,3392916069.581215,9015279.666381836,1606461.7841567993,73557.26592254639,1335950.3797836304,9064075.69178009,6465520.934356689,12098579.089683533,207161.37342071533,2025089.4626846313,8387163.511894226
190,190,Lassen,2021,11713501432.168785,10615071.285232544,212141.60144805908,2361065.8390045166,322808509.75823975,47596513.29029083,580023.4099807739,16943821.361701965,3128614.4791793823,22792089.10357666,84487574.68126678
191,191,Madera,2021,5478881864.644211,9761477.848678589,1620424.5099487305,165786.68090057373,29971366.55836487,8972718.38684845,16652529.755012512,15482889.10621643,13390.079803466797,10915391.985984802,4618878.551475525
192,192,Marin,2021,1334219260.094864,2882903.38646698,798829.6708450317,44733.94143676758,199953.07083129883,2819265.1363830566,8459219.487434387,6291933.076652527,676014.1049346924,1134978.215309143,2399094.344055176
193,193,Mariposa,2021,3711962632.0845795,2906758.996498108,324338.3003921509,,30576.593170166016,3463642.233734131,12340663.957313538,53342644.43662262,,365413.55435180664,3949664.1176757812
194,194,Mendocino,2021,9049518881.263245,7509358.929168701,2164185.9200057983,10608.257331848145,456457.6874923706,9179836.534812927,7349522.437408447,10692507.653915405,138507.6580657959,2083244.9249649048,8964972.017845154
195,195,Merced,2021,4750551173.478424,2828346.068710327,1021780.3141555786,1021283.85496521,43848097.84976959,2366309.363861084,26231965.24295807,214068629.6698761,881439.8156356812,37263469.91895294,44237715.19937897
196,196,Mono,2021,7961281348.899849,256191.05171203613,70270.1318283081,32512.084228515625,108526821.92308044,30780357.766784668,80203.80493927002,580423.8663711548,403380.785446167,3005254.888999939,6531329.7253341675
197,197,Monterey,2021,7644575132.247154,4689538.392379761,496699.9328842163,209703.36501312256,42062642.8159256,12012397.414535522,78591792.73647308,572350951.818779,7160258.372039795,43500938.355140686,178391751.92806244
198,198,Napa,2021,1984534467.216545,3611717.888687134,1379482.7573013306,44932.05564880371,1155434.5517120361,4484411.677230835,15453677.762802124,8800635.907615662,997708.4908294678,7797985.7595825195,14137688.845489502
199,199,Nevada,2021,2498364490.43557,8224097.622573853,1469741.9134597778,,30103.980003356934,4353296.653541565,8513003.41078186,683016.0766601562,,72113.19507598877,416851.0652542114
200,200,Placer,2021,3831417582.6923065,8920355.943832397,6592432.486732483,3901.326835632324,4440081.679756165,4134098.7607269287,24843565.024528503,5604507.254440308,18905.76483154297,3600616.803604126,1240491.3477172852
201,201,Plumas,2021,6751458120.838295,5858515.065475464,514749.0442276001,32395.26026916504,494482.55643463135,7776674.762458801,295616.43170928955,363285.8449020386,44700.261558532715,5100.659934997559,1971064.904220581
202,202,Sacramento,2021,2435415641.4250107,3142603.678138733,3818494.159133911,19908.141288757324,13580199.72416687,3333122.627937317,36933673.99819946,18990936.749816895,600684.3790588379,27062498.43634796,3892347.057487488
203,203,San Benito,2021,3100396124.0622406,881711.4465484619,165843.44078063965,48006.57318878174,14679364.325241089,3196019.8526306152,40967774.36090088,295582689.1130066,750970.2055206299,6439522.733787537,138208657.53894043
204,204,San Francisco,2021,120569931.00237274,196046.17292022705,40729.898040771484,600.4518890380859,46334.09957885742,188239.56121063232,838321.47706604,180033.69132232666,600.4802856445312,213956.64009094238,27720.43927001953
205,205,San Joaquin,2021,3488015282.512207,4848896.527153015,1034492.3779373169,119039.99653625488,44249084.56939697,2553586.286590576,41780931.064834595,58380474.67953491,130641.23598480225,46192166.384391785,7424110.256446838
206,206,San Mateo,2021,1153744050.2508316,3294420.668006897,630959.5559692383,16711.478515625,299017.20265197754,2043268.1280059814,7682554.111412048,2747762.4522857666,42829.44719696045,1280717.1955032349,2766801.5504379272
207,207,Santa Clara,2021,3291844536.408081,4020504.2521209717,1125855.6693649292,84750.19635009766,3642569.200920105,4027125.437515259,20184227.373703003,25893479.500473022,53229.57442474365,7281032.666236877,3061627.7408981323
208,208,Santa Cruz,2021,1119082280.2948837,1274240.1511611938,291964.9564971924,28219.2481842041,5910688.836845398,1804433.3054885864,14834279.439666748,2101201.9628067017,54935.049324035645,6214314.46559906,4158146.3983459473
209,209,Shasta,2021,9843508960.987953,33876579.15822601,4635257.631996155,114342.67774963379,3777000.5966415405,17218494.89719391,25753900.51511383,17667296.382987976,472606.6149749756,3500577.038505554,14216527.686820984
210,210,Sierra,2021,2487940323.307953,225541.35470581055,800.0194320678711,11390.924674987793,1821361.2560043335,716998.3870315552,41692.10899353027,388993.8930206299,,63954.56558227539,785633.4769287109
211,211,Solano,2021,2078523612.2406158,4033209.8816986084,2914724.722442627,535691.5829544067,7461611.501983643,5084280.767066956,36601317.8319931,26395501.263381958,3706090.226295471,22314053.967399597,9676427.204956055
212,212,Sonoma,2021,4028897769.9100113,9121058.510673523,5338997.449699402,30322.87663269043,1757968.2543029785,7520859.390686035,24225775.94176483,14428947.357124329,827518.1611785889,18252072.112701416,4918999.637069702
213,213,Stanislaus,2021,3688645575.0904617,3485144.4573135376,1114396.9963378906,27002.178520202637,21397326.392677307,1264118.9273986816,41260586.591804504,122046411.63105011,309270.51499176025,29995188.219810486,12421843.839881897
214,214,Sutter,2021,1534800352.4513931,1391447.900718689,573951.6278762817,46321.61464691162,6686069.9618759155,499127.93730926514,3462811.303871155,10693282.990715027,263828.1128692627,16794054.963653564,776874.9766464233
215,215,Tehama,2021,7400026763.098656,16146982.25730133,2847853.313774109,7805.657386779785,8904956.842277527,9706233.86605072,59025951.26931,151334407.29128265,29521.551391601562,9825448.973052979,14137727.983329773
216,216,Trinity,2021,8255405350.505814,9846581.442878723,306941.6884536743,1501.1680145263672,300337.6751174927,7611408.75705719,16778260.725517273,3142670.027656555,20816.17844390869,236485.13008880615,14004209.716072083
217,217,Tuolumne,2021,5861300540.183289,1754060.3393859863,870282.2624206543,,38881.7180557251,3644304.010070801,13796990.080505371,5786323.3240356445,,282978.12577819824,3326057.6381759644
218,218,Yolo,2021,2490849139.7118454,3093565.926887512,682902.4725570679,65731.29473114014,12915146.213981628,1312642.4880447388,36159253.55153656,74222833.63298035,1482948.2514572144,25580728.706703186,4574125.125320435
219,219,Yuba,2021,1636266864.1409073,2950382.579559326,2665799.8190994263,56322.12797546387,2632954.861717224,2731994.903640747,7472962.62046814,4807707.0793914795,51720.54231262207,5368865.31313324,2962106.807548523
